epoch,step,train/cardinality_error,train/cardinality_error_0,train/cardinality_error_1,train/cardinality_error_2,train/cardinality_error_3,train/cardinality_error_enc,train/class_error,train/loss,train/loss_bbox,train/loss_bbox_0,train/loss_bbox_1,train/loss_bbox_2,train/loss_bbox_3,train/loss_bbox_enc,train/loss_ce,train/loss_ce_0,train/loss_ce_1,train/loss_ce_2,train/loss_ce_3,train/loss_ce_enc,train/loss_giou,train/loss_giou_0,train/loss_giou_1,train/loss_giou_2,train/loss_giou_3,train/loss_giou_enc,train/loss_mask_ce,train/loss_mask_ce_0,train/loss_mask_ce_1,train/loss_mask_ce_2,train/loss_mask_ce_3,train/loss_mask_ce_enc,train/loss_mask_dice,train/loss_mask_dice_0,train/loss_mask_dice_1,train/loss_mask_dice_2,train/loss_mask_dice_3,train/loss_mask_dice_enc,train/lr,train/lr_max,train/lr_min,val/AP/microcotiledone,val/F1,val/cardinality_error,val/cardinality_error_0,val/cardinality_error_1,val/cardinality_error_2,val/cardinality_error_3,val/cardinality_error_enc,val/class_error,val/ema_mAP_50,val/ema_mAP_50_95,val/ema_mAR,val/ema_segm_mAP_50,val/ema_segm_mAP_50_95,val/loss,val/loss_bbox,val/loss_bbox_0,val/loss_bbox_1,val/loss_bbox_2,val/loss_bbox_3,val/loss_bbox_enc,val/loss_ce,val/loss_ce_0,val/loss_ce_1,val/loss_ce_2,val/loss_ce_3,val/loss_ce_enc,val/loss_giou,val/loss_giou_0,val/loss_giou_1,val/loss_giou_2,val/loss_giou_3,val/loss_giou_enc,val/loss_mask_ce,val/loss_mask_ce_0,val/loss_mask_ce_1,val/loss_mask_ce_2,val/loss_mask_ce_3,val/loss_mask_ce_enc,val/loss_mask_dice,val/loss_mask_dice_0,val/loss_mask_dice_1,val/loss_mask_dice_2,val/loss_mask_dice_3,val/loss_mask_dice_enc,val/mAP_50,val/mAP_50_95,val/mAP_75,val/mAR,val/precision,val/recall,val/segm_mAP_50,val/segm_mAP_50_95
0,9,,,,,,,,,,,,,,,,,,,,,,,,,,,,,,,,,,,,,,,,,,0.7590586543083191,0.871976375579834,168.44444274902344,168.44444274902344,168.44444274902344,168.44444274902344,168.44444274902344,168.44444274902344,0.0,0.8897940516471863,0.7599192261695862,0.8563380241394043,0.9022414684295654,0.7307770252227783,8.668978691101074,0.019256042316555977,0.025949599221348763,0.021299585700035095,0.021157873794436455,0.02031022123992443,0.03579762950539589,0.5476304292678833,0.742868185043335,0.6084786057472229,0.5536178350448608,0.5441962480545044,0.6527321338653564,0.12086043506860733,0.14727124571800232,0.12705591320991516,0.12672072649002075,0.12326652556657791,0.1863289177417755,0.018437178805470467,0.017597701400518417,0.016591675579547882,0.017748311161994934,0.018243690952658653,0.022167500108480453,0.06389709562063217,0.0697057843208313,0.05964544788002968,0.06529727578163147,0.06600061058998108,0.09218648076057434,0.887913167476654,0.7590586543083191,0.8144096732139587,0.8573943376541138,0.8766310811042786,0.8673709034919739,0.9021105766296387,0.7299190759658813
0,9,2568.81884765625,2565.231201171875,2563.71240234375,2566.356201171875,2569.268798828125,2570.46240234375,0.0012983322376385331,12.325364112854004,0.03598564490675926,0.0473889485001564,0.04077601060271263,0.0390608124434948,0.03718053922057152,0.06286779046058655,0.7352381348609924,0.9818713068962097,0.7601217031478882,0.7183253169059753,0.7295244932174683,0.7718995213508606,0.18037720024585724,0.21806848049163818,0.199166402220726,0.19228285551071167,0.18360699713230133,0.2770662009716034,0.02344953827559948,0.028610557317733765,0.02486121840775013,0.02436589077115059,0.024129116907715797,0.03503923863172531,0.08651863783597946,0.10576263815164566,0.0976133793592453,0.0929851159453392,0.08917327225208282,0.1296815425157547,,,,,,,,,,,,,,,,,,,,,,,,,,,,,,,,,,,,,,,,,,,,,,,,,,,,,,,,
1,19,,,,,,,,,,,,,,,,,,,,,,,,,,,,,,,,,,,,,,,,,,0.804276168346405,0.8921800851821899,168.44444274902344,168.44444274902344,168.44444274902344,168.44444274902344,168.44444274902344,168.44444274902344,0.0,0.9122231602668762,0.8070580363273621,0.8835680484771729,0.924699068069458,0.7646536827087402,7.975250244140625,0.016786452382802963,0.023364391177892685,0.019941536709666252,0.019153067842125893,0.017973175272345543,0.037224188446998596,0.4850216209888458,0.6780868768692017,0.529686450958252,0.5099042654037476,0.5027690529823303,0.6042620539665222,0.10813561081886292,0.13596385717391968,0.12244191020727158,0.11978869885206223,0.11169075965881348,0.18714870512485504,0.016214950010180473,0.019359229132533073,0.01847737655043602,0.016648320481181145,0.01627824828028679,0.022707393392920494,0.0540950745344162,0.062176939100027084,0.05687616020441055,0.0605938583612442,0.05692942067980766,0.08423661440610886,0.9098926186561584,0.804276168346405,0.857775092124939,0.8840375542640686,0.9007176756858826,0.8838028311729431,0.922654926776886,0.7626176476478577
1,19,2570.706298828125,2570.71240234375,2570.71240234375,2570.612548828125,2570.5625,2570.71240234375,-1.0490417707842425e-06,9.22586441040039,0.0221325121819973,0.033238284289836884,0.026763489469885826,0.024188555777072906,0.0230895783752203,0.04842608422040939,0.5280704498291016,0.9229155778884888,0.6215333342552185,0.5435690879821777,0.5350876450538635,0.6412568688392639,0.1316889077425003,0.1695372760295868,0.14903393387794495,0.14197297394275665,0.13450421392917633,0.2213551253080368,0.017677955329418182,0.019195925444364548,0.017911164090037346,0.01726289466023445,0.017916399985551834,0.025501947849988937,0.059499502182006836,0.07287398725748062,0.0654619038105011,0.06163519620895386,0.06078369542956352,0.09388977289199829,,,,,,,,,,,,,,,,,,,,,,,,,,,,,,,,,,,,,,,,,,,,,,,,,,,,,,,,
2,29,,,,,,,,,,,,,,,,,,,,,,,,,,,,,,,,,,,,,,,,,,0.8062499165534973,0.8968713879585266,168.44444274902344,168.44444274902344,168.44444274902344,168.44444274902344,168.44444274902344,168.44444274902344,0.0,0.9183357954025269,0.8061189651489258,0.8874413371086121,0.9252276420593262,0.7784387469291687,7.663662433624268,0.015286417677998543,0.019481603056192398,0.017671681940555573,0.016102388501167297,0.015504610724747181,0.0335233099758625,0.4811287522315979,0.6849753260612488,0.5371057987213135,0.49112823605537415,0.48842552304267883,0.6300655007362366,0.10271228104829788,0.12120109796524048,0.1126842349767685,0.1069139838218689,0.10523657500743866,0.18385496735572815,0.016591660678386688,0.019816629588603973,0.01760854199528694,0.017509914934635162,0.016566429287195206,0.020087456330657005,0.04897742345929146,0.05732521787285805,0.06103525683283806,0.055222030729055405,0.051845137029886246,0.07696951925754547,0.9201819896697998,0.8062499165534973,0.8636106252670288,0.8853286504745483,0.8855835199356079,0.908450722694397,0.9262007474899292,0.7772999405860901
2,29,2570.49365234375,2570.49365234375,2570.49365234375,2570.33740234375,2570.456298828125,2570.49365234375,-1.09672544112982e-06,8.351309776306152,0.019183766096830368,0.026775449514389038,0.022931141778826714,0.021585751324892044,0.01988263428211212,0.04226868972182274,0.47975650429725647,0.8628191947937012,0.5703883171081543,0.5063483715057373,0.49363094568252563,0.6173444390296936,0.11857444047927856,0.1487879604101181,0.1351863443851471,0.12941068410873413,0.12128026783466339,0.21249517798423767,0.014314507134258747,0.016423922032117844,0.015470987185835838,0.01549017895013094,0.014434856362640858,0.02071567066013813,0.05301051214337349,0.0635697990655899,0.05844636633992195,0.05660238116979599,0.053942423313856125,0.08286117762327194,,,,,,,,,,,,,,,,,,,,,,,,,,,,,,,,,,,,,,,,,,,,,,,,,,,,,,,,
3,39,,,,,,,,,,,,,,,,,,,,,,,,,,,,,,,,,,,,,,,,,,0.8178789615631104,0.8996415734291077,168.44444274902344,168.44444274902344,168.44444274902344,168.44444274902344,168.44444274902344,168.44444274902344,0.0,0.9202840924263,0.8168471455574036,0.8901408314704895,0.9292685985565186,0.7875365018844604,7.393819332122803,0.01455526240170002,0.01900963857769966,0.01688474602997303,0.01568392850458622,0.015028031542897224,0.028491150587797165,0.471798837184906,0.7189828157424927,0.5177809596061707,0.4791063368320465,0.4730832278728485,0.5875367522239685,0.10041012614965439,0.119085393846035,0.1115245372056961,0.1059994027018547,0.10236082226037979,0.1560508757829666,0.012680644169449806,0.0162124615162611,0.014521419070661068,0.014512947760522366,0.01365086529403925,0.019261693581938744,0.05220351740717888,0.05853814259171486,0.05667624995112419,0.052853748202323914,0.05538501217961311,0.07478400319814682,0.9244338870048523,0.8178789615631104,0.8740182518959045,0.8906103372573853,0.9160584211349487,0.8838028311729431,0.9289478659629822,0.7888453006744385
3,39,2571.356201171875,2571.356201171875,2571.356201171875,2571.268798828125,2571.33740234375,2571.356201171875,-1.4781951449549524e-06,8.361407279968262,0.021033253520727158,0.028750166296958923,0.024935074150562286,0.023045677691698074,0.02171042002737522,0.04364660754799843,0.4756386876106262,0.8457382917404175,0.5708268880844116,0.5001603960990906,0.48264065384864807,0.6325768232345581,0.12352348864078522,0.15038636326789856,0.1399894654750824,0.13187453150749207,0.12656506896018982,0.21279564499855042,0.013045549392700195,0.01578046754002571,0.01463522482663393,0.014186653308570385,0.013681432232260704,0.019363895058631897,0.05318934842944145,0.06286218017339706,0.05749664828181267,0.05495074391365051,0.05375027656555176,0.08064763993024826,,,,,,,,,,,,,,,,,,,,,,,,,,,,,,,,,,,,,,,,,,,,,,,,,,,,,,,,
4,49,,,,,,,,,,,,,,,,,,,,,,,,,,,,,,,,,,,,,,,9.999999747378752e-05,9.999999747378752e-05,3.232564267818816e-06,,,,,,,,,,,,,,,,,,,,,,,,,,,,,,,,,,,,,,,,,,,,,,,,,,,,,
4,49,,,,,,,,,,,,,,,,,,,,,,,,,,,,,,,,,,,,,,,,,,0.8151100873947144,0.89952152967453,168.44444274902344,168.44444274902344,168.44444274902344,168.44444274902344,168.44444274902344,168.44444274902344,0.0,0.9263882637023926,0.8183570504188538,0.8889671564102173,0.9332426190376282,0.7774092555046082,7.448071479797363,0.014642838388681412,0.018965665251016617,0.016217196360230446,0.01535653043538332,0.0153055964037776,0.02776104025542736,0.4816986620426178,0.7013512849807739,0.5143234729766846,0.493084579706192,0.4752158522605896,0.5771646499633789,0.0997871458530426,0.12018195539712906,0.10945047438144684,0.10354818403720856,0.1001630499958992,0.15930470824241638,0.014546293765306473,0.016982845962047577,0.017164746299386024,0.014593861065804958,0.015286356210708618,0.020974794402718544,0.05557719245553017,0.05968262255191803,0.059115972369909286,0.053732696920633316,0.04856329783797264,0.07960294187068939,0.9245812296867371,0.8151100873947144,0.8693621754646301,0.8863849639892578,0.9170731902122498,0.8826290965080261,0.9291430711746216,0.7730755805969238
4,49,2571.30615234375,2571.3125,2571.3125,2571.14990234375,2571.30615234375,2571.3125,-1.09672544112982e-06,8.041234970092773,0.019581453874707222,0.02772175706923008,0.024094220250844955,0.02172182872891426,0.020423905923962593,0.039151597768068314,0.46928295493125916,0.8246195912361145,0.5474058389663696,0.49112439155578613,0.47501030564308167,0.591557502746582,0.11822201311588287,0.14546611905097961,0.13531966507434845,0.12769931554794312,0.12146095931529999,0.18594130873680115,0.013371924869716167,0.01640334539115429,0.015215963125228882,0.013896448537707329,0.013805446214973927,0.019743893295526505,0.0508657768368721,0.059552423655986786,0.05663453787565231,0.05354762077331543,0.05167391896247864,0.07739701867103577,,,,,,,,,,,,,,,,,,,,,,,,,,,,,,,,,,,,,,,,,,,,,,,,,,,,,,,,
5,59,,,,,,,,,,,,,,,,,,,,,,,,,,,,,,,,,,,,,,,,,,0.8084843158721924,0.8904593586921692,168.44444274902344,168.44444274902344,168.44444274902344,168.44444274902344,168.44444274902344,168.44444274902344,0.0,0.9197552800178528,0.810544490814209,0.891549289226532,0.9248929619789124,0.7853124737739563,7.325786113739014,0.01341848261654377,0.017131824046373367,0.016099819913506508,0.014954537153244019,0.01385586429387331,0.025567857548594475,0.5014243721961975,0.723840057849884,0.5437552332878113,0.5235915184020996,0.507755696773529,0.6138909459114075,0.09276575595140457,0.11066514253616333,0.10727325826883316,0.0996716096997261,0.09505516290664673,0.14563244581222534,0.012345757335424423,0.017178306356072426,0.016369856894016266,0.014737450517714024,0.012859387323260307,0.019234947860240936,0.04985826835036278,0.05536966398358345,0.0512373223900795,0.048554155975580215,0.045416221022605896,0.07769040763378143,0.9186809062957764,0.8084843158721924,0.8590217232704163,0.8872065544128418,0.8936170339584351,0.8873239159584045,0.9231770038604736,0.7872776389122009
5,59,2570.1875,2570.1875,2570.1875,2570.10009765625,2570.1875,2570.1875,-1.0013579867518274e-06,7.656796932220459,0.01650935783982277,0.022430572658777237,0.019690830260515213,0.018158987164497375,0.017423512414097786,0.03313351795077324,0.4569532871246338,0.807360053062439,0.5468183755874634,0.4903886318206787,0.4661664366722107,0.5742611289024353,0.11161239445209503,0.13566455245018005,0.1257273256778717,0.11953063309192657,0.11523226648569107,0.17545993626117706,0.011635379865765572,0.013796794228255749,0.012859654612839222,0.012199236080050468,0.01195675227791071,0.017572952434420586,0.0500643365085125,0.05728496238589287,0.054640013724565506,0.05217764899134636,0.05110098794102669,0.07704345881938934,,,,,,,,,,,,,,,,,,,,,,,,,,,,,,,,,,,,,,,,,,,,,,,,,,,,,,,,
6,69,,,,,,,,,,,,,,,,,,,,,,,,,,,,,,,,,,,,,,,,,,0.8119242787361145,0.9038572311401367,168.44444274902344,168.44444274902344,168.44444274902344,168.37037658691406,168.40740966796875,168.44444274902344,0.0,0.9254411458969116,0.8162125945091248,0.8901408314704895,0.9332615733146667,0.7870293855667114,7.34214973449707,0.015046531334519386,0.017820721492171288,0.01596149429678917,0.016418395563960075,0.014855734072625637,0.026441924273967743,0.47540438175201416,0.7065041065216064,0.5188438296318054,0.4837302565574646,0.47847867012023926,0.5763301253318787,0.10007920861244202,0.11633661389350891,0.1061265617609024,0.1043882966041565,0.09918303787708282,0.15047934651374817,0.016889924183487892,0.016774030402302742,0.016206208616495132,0.01864658109843731,0.015690939500927925,0.0204022154211998,0.048655953258275986,0.057526588439941406,0.056476254016160965,0.0485493466258049,0.0525941401720047,0.07497740536928177,0.9237567186355591,0.8119242787361145,0.8676460981369019,0.890727698802948,0.887005627155304,0.92136150598526,0.9339324235916138,0.7893540263175964
6,69,2571.018798828125,2571.18115234375,2571.14990234375,2570.89990234375,2571.112548828125,2571.18115234375,-1.0490417707842425e-06,7.423243522644043,0.01701592281460762,0.023039523512125015,0.020460983738303185,0.018613597378134727,0.017426904290914536,0.03241141140460968,0.4412398338317871,0.7977824211120605,0.5351249575614929,0.4720345139503479,0.452561616897583,0.5773406624794006,0.10710559785366058,0.13348819315433502,0.12195990979671478,0.11440219730138779,0.10925327241420746,0.1676114946603775,0.011018594726920128,0.0126545624807477,0.012427250854671001,0.01152792852371931,0.010994656942784786,0.016314659267663956,0.047430869191884995,0.0548921637237072,0.051799796521663666,0.04926507547497749,0.04844989255070686,0.07215992361307144,,,,,,,,,,,,,,,,,,,,,,,,,,,,,,,,,,,,,,,,,,,,,,,,,,,,,,,,
7,79,,,,,,,,,,,,,,,,,,,,,,,,,,,,,,,,,,,,,,,,,,0.8233771324157715,0.8992718458175659,168.40740966796875,168.44444274902344,168.44444274902344,168.37037658691406,168.40740966796875,168.44444274902344,0.0,0.9296791553497314,0.824786901473999,0.8950704336166382,0.9334782361984253,0.7864001989364624,7.096419811248779,0.013438514433801174,0.016377441585063934,0.015118726529181004,0.01393119152635336,0.013761671259999275,0.024873074144124985,0.4622437059879303,0.663834810256958,0.5190052390098572,0.4725109338760376,0.4702717065811157,0.5641629099845886,0.0939265713095665,0.11074315011501312,0.10473987460136414,0.09801372140645981,0.09679770469665527,0.14547260105609894,0.01281711459159851,0.014778468757867813,0.014058206230401993,0.01330032292753458,0.013309179805219173,0.0187187809497118,0.04598044604063034,0.05967893451452255,0.05690610036253929,0.049532100558280945,0.05259958282113075,0.07982088625431061,0.9292468428611755,0.8233771324157715,0.8793771862983704,0.8934272527694702,0.9309045076370239,0.8697183132171631,0.934687077999115,0.7824995517730713
7,79,2570.262451171875,2570.6875,2570.668701171875,2570.1875,2570.53125,2570.6875,-1.0490417707842425e-06,7.252881050109863,0.016151616349816322,0.02109118364751339,0.018920715898275375,0.017378561198711395,0.01660413295030594,0.030950868502259254,0.42158636450767517,0.7601829171180725,0.5094891786575317,0.4441210627555847,0.426618754863739,0.5377584099769592,0.10822464525699615,0.1312498152256012,0.12061963230371475,0.11433900892734528,0.11020580679178238,0.1626603901386261,0.012358440086245537,0.013418616726994514,0.01306498795747757,0.01283081155270338,0.012356693856418133,0.018505465239286423,0.04780721291899681,0.055459700524806976,0.0518917553126812,0.050277985632419586,0.04854948818683624,0.0740877091884613,,,,,,,,,,,,,,,,,,,,,,,,,,,,,,,,,,,,,,,,,,,,,,,,,,,,,,,,
8,89,,,,,,,,,,,,,,,,,,,,,,,,,,,,,,,,,,,,,,,,,,0.831477701663971,0.8973104953765869,168.44444274902344,168.44444274902344,168.44444274902344,168.37037658691406,168.3333282470703,168.44444274902344,0.0,0.9337520599365234,0.831394612789154,0.8961267471313477,0.9370342493057251,0.7940027713775635,7.100398540496826,0.012543641030788422,0.0157660860568285,0.015513010323047638,0.013415282592177391,0.013328410685062408,0.026755316182971,0.4546145796775818,0.7513626217842102,0.5052290558815002,0.4653905928134918,0.4529203176498413,0.5943358540534973,0.090286985039711,0.11056027561426163,0.10563060641288757,0.0980805903673172,0.09561444818973541,0.15619148313999176,0.011958231218159199,0.01280977763235569,0.014681092463433743,0.012897241860628128,0.012930364347994328,0.014894332736730576,0.05076811835169792,0.05521489679813385,0.05450303480029106,0.05312821641564369,0.04936068132519722,0.07229553908109665,0.9344741702079773,0.831477701663971,0.8869757652282715,0.8981220722198486,0.9362244606018066,0.8615023493766785,0.9342721700668335,0.7888658046722412
8,89,2570.10009765625,2570.643798828125,2570.643798828125,2570.28125,2568.981201171875,2570.60009765625,-1.0490417707842425e-06,7.438789367675781,0.016675151884555817,0.022293388843536377,0.019876675680279732,0.01789829321205616,0.017277780920267105,0.031995829194784164,0.44791173934936523,0.7619252800941467,0.5399013757705688,0.47377443313598633,0.45567235350608826,0.5842701196670532,0.10628613084554672,0.13205106556415558,0.12130659818649292,0.11366628110408783,0.10842087119817734,0.1689501851797104,0.011194751597940922,0.013398507609963417,0.012748721055686474,0.011442937888205051,0.0115053066983819,0.01722813956439495,0.048308901488780975,0.055415939539670944,0.0518716499209404,0.04993515461683273,0.04879963397979736,0.07692740112543106,,,,,,,,,,,,,,,,,,,,,,,,,,,,,,,,,,,,,,,,,,,,,,,,,,,,,,,,
9,99,,,,,,,,,,,,,,,,,,,,,,,,,,,,,,,,,,,,,,,9.999999747378752e-05,9.999999747378752e-05,3.232564267818816e-06,,,,,,,,,,,,,,,,,,,,,,,,,,,,,,,,,,,,,,,,,,,,,,,,,,,,,
9,99,,,,,,,,,,,,,,,,,,,,,,,,,,,,,,,,,,,,,,,,,,0.8295899033546448,0.9071680307388306,168.44444274902344,168.44444274902344,168.44444274902344,168.40740966796875,168.44444274902344,168.44444274902344,0.0,0.9291917085647583,0.8267125487327576,0.8978873491287231,0.9394180774688721,0.7970532178878784,6.934879302978516,0.013257408514618874,0.016444150358438492,0.014971800148487091,0.014680285938084126,0.013772659935057163,0.025000954046845436,0.45448973774909973,0.653235137462616,0.49155181646347046,0.45757439732551575,0.45657750964164734,0.5423624515533447,0.09145950525999069,0.11197972297668457,0.10085763037204742,0.09870799630880356,0.09312594681978226,0.14203880727291107,0.014915723353624344,0.014149131253361702,0.01558312401175499,0.014005831442773342,0.013932193629443645,0.018583642318844795,0.04906446859240532,0.05283927172422409,0.0565476194024086,0.048566512763500214,0.05071142688393593,0.0735233873128891,0.9303373694419861,0.8295899033546448,0.8771136999130249,0.8968309760093689,0.9082353115081787,0.9061033129692078,0.9397972822189331,0.8032500743865967
9,99,2569.893798828125,2570.262451171875,2570.324951171875,2570.050048828125,2569.237548828125,2569.85009765625,-1.0013579867518274e-06,7.023036956787109,0.015660159289836884,0.020812122151255608,0.018836548551917076,0.017343571409583092,0.01625869795680046,0.03082149289548397,0.40658465027809143,0.7737287878990173,0.4890957474708557,0.42335668206214905,0.4090921878814697,0.5485147833824158,0.10251772403717041,0.12527240812778473,0.11590325832366943,0.10934136807918549,0.10487931966781616,0.1601157933473587,0.010559809394180775,0.01261410117149353,0.012005733326077461,0.011452334001660347,0.01095765270292759,0.01591666415333748,0.045877017080783844,0.053231142461299896,0.049410030245780945,0.047764189541339874,0.04661398008465767,0.07118541747331619,,,,,,,,,,,,,,,,,,,,,,,,,,,,,,,,,,,,,,,,,,,,,,,,,,,,,,,,
10,109,,,,,,,,,,,,,,,,,,,,,,,,,,,,,,,,,,,,,,,,,,0.8224473595619202,0.9045401811599731,168.44444274902344,168.44444274902344,168.44444274902344,168.44444274902344,168.44444274902344,168.44444274902344,0.0,0.9306212067604065,0.8246029615402222,0.8948357105255127,0.9396998882293701,0.7843517661094666,6.968906402587891,0.013009847141802311,0.014892498962581158,0.014935116283595562,0.013857526704668999,0.013269186019897461,0.02335970848798752,0.4681068956851959,0.6814448237419128,0.5018306374549866,0.47864288091659546,0.47346171736717224,0.5433287024497986,0.09223626554012299,0.10345125943422318,0.09904907643795013,0.09320508688688278,0.09290961176156998,0.13858819007873535,0.0160836074501276,0.01463740412145853,0.01568428985774517,0.015752576291561127,0.014650165103375912,0.019460227340459824,0.04821460321545601,0.051361389458179474,0.05268029868602753,0.052429284900426865,0.05074319615960121,0.07162146270275116,0.932894229888916,0.8224473595619202,0.8736276030540466,0.8948357105255127,0.8972286581993103,0.9119718074798584,0.9397127032279968,0.7874468564987183
10,109,2570.21240234375,2570.293701171875,2570.293701171875,2570.21240234375,2570.22509765625,2570.293701171875,-1.23977656585339e-06,6.932921409606934,0.014678497798740864,0.01956593617796898,0.017440471798181534,0.015994122251868248,0.015185927040874958,0.028721090406179428,0.39673668146133423,0.7759047150611877,0.48419618606567383,0.42557793855667114,0.40187716484069824,0.5220040082931519,0.1015622615814209,0.1224505677819252,0.11391343176364899,0.10761600732803345,0.10321559011936188,0.1575338989496231,0.01059190183877945,0.012057395651936531,0.011802216991782188,0.011283671483397484,0.010866789147257805,0.015730764716863632,0.04670432209968567,0.05295547842979431,0.05045705288648605,0.04795151948928833,0.0475052110850811,0.07331591844558716,,,,,,,,,,,,,,,,,,,,,,,,,,,,,,,,,,,,,,,,,,,,,,,,,,,,,,,,
11,119,,,,,,,,,,,,,,,,,,,,,,,,,,,,,,,,,,,,,,,,,,0.8216708898544312,0.9029585719108582,168.44444274902344,168.44444274902344,168.44444274902344,168.44444274902344,168.44444274902344,168.44444274902344,0.0,0.9333169460296631,0.8250255584716797,0.8974178433418274,0.9407987594604492,0.7925614714622498,7.002019882202148,0.015036158263683319,0.015084377489984035,0.014990358613431454,0.01566975563764572,0.014622729271650314,0.02301635965704918,0.4630735218524933,0.6480035185813904,0.503521740436554,0.4889024496078491,0.47127896547317505,0.5585429668426514,0.09350648522377014,0.10262914001941681,0.09760897606611252,0.09917772561311722,0.09339958429336548,0.13385754823684692,0.017783254384994507,0.013968419283628464,0.01643821783363819,0.018385687842965126,0.01690814271569252,0.019630400463938713,0.04807133972644806,0.051208145916461945,0.050249241292476654,0.047636184841394424,0.05404992401599884,0.07291892170906067,0.9316412210464478,0.8216708898544312,0.8707319498062134,0.8971831202507019,0.9105011820793152,0.8955398797988892,0.9383453726768494,0.7844641208648682
11,119,2570.18115234375,2570.18115234375,2570.18115234375,2570.137451171875,2570.18115234375,2570.18115234375,-9.059905892172537e-07,6.6870574951171875,0.014358769170939922,0.01887388713657856,0.016864517703652382,0.015569193288683891,0.014792906120419502,0.02883942984044552,0.38430386781692505,0.7450085878372192,0.46789851784706116,0.4051755368709564,0.38894766569137573,0.5114330053329468,0.0984511449933052,0.11992834508419037,0.1108434796333313,0.10504142194986343,0.10093703120946884,0.15529005229473114,0.009936805814504623,0.011217423714697361,0.010855352506041527,0.010453400202095509,0.010097640566527843,0.014936278574168682,0.04430261626839638,0.0504172146320343,0.04761698096990585,0.04577004164457321,0.04529549926519394,0.07046373188495636,,,,,,,,,,,,,,,,,,,,,,,,,,,,,,,,,,,,,,,,,,,,,,,,,,,,,,,,
12,129,,,,,,,,,,,,,,,,,,,,,,,,,,,,,,,,,,,,,,,,,,0.8251515626907349,0.9041420221328735,168.44444274902344,168.44444274902344,168.44444274902344,168.44444274902344,168.44444274902344,168.44444274902344,0.0,0.9304852485656738,0.82978355884552,0.9016432166099548,0.9411624670028687,0.7944490313529968,7.006775856018066,0.013983935117721558,0.015274392440915108,0.015017248690128326,0.015593377873301506,0.014460123144090176,0.024053357541561127,0.4532543122768402,0.6369708776473999,0.49435093998908997,0.46716153621673584,0.4518532156944275,0.5615331530570984,0.09103212505578995,0.10338367521762848,0.09967144578695297,0.09720248728990555,0.09337125718593597,0.14361406862735748,0.015335874632000923,0.014805322512984276,0.01572834514081478,0.017871292307972908,0.015924619510769844,0.020507942885160446,0.05063112452626228,0.051533013582229614,0.05368724837899208,0.05443178862333298,0.052180562168359756,0.07600082457065582,0.9349575042724609,0.8251515626907349,0.8729682564735413,0.8984741568565369,0.9116945266723633,0.8967136144638062,0.9423922896385193,0.7983997464179993
12,129,2570.012451171875,2570.012451171875,2570.012451171875,2569.887451171875,2570.012451171875,2570.012451171875,-1.0490417707842425e-06,6.679234981536865,0.013367990031838417,0.017601443454623222,0.015657225623726845,0.014634661376476288,0.01381778996437788,0.027953509241342545,0.38764557242393494,0.7489693760871887,0.4662662446498871,0.41175127029418945,0.39559656381607056,0.5196101665496826,0.09644564986228943,0.11794602870941162,0.10808476060628891,0.102631114423275,0.09806875884532928,0.15781939029693604,0.009950650855898857,0.011355667375028133,0.010803159326314926,0.010486828163266182,0.010085768066346645,0.015144710429012775,0.04490557312965393,0.051962755620479584,0.047596853226423264,0.04631815105676651,0.0453980527818203,0.07043971121311188,,,,,,,,,,,,,,,,,,,,,,,,,,,,,,,,,,,,,,,,,,,,,,,,,,,,,,,,
13,139,,,,,,,,,,,,,,,,,,,,,,,,,,,,,,,,,,,,,,,,,,0.8214545249938965,0.9023529291152954,168.44444274902344,168.44444274902344,168.44444274902344,168.44444274902344,168.44444274902344,168.44444274902344,0.0,0.935714840888977,0.8256224393844604,0.8948357105255127,0.9392634630203247,0.7873679399490356,7.192695140838623,0.015463038347661495,0.015842042863368988,0.01652027666568756,0.016789324581623077,0.0154701117426157,0.02463592030107975,0.4654844403266907,0.6299668550491333,0.5058639645576477,0.4866125285625458,0.46812576055526733,0.5375867486000061,0.09368260949850082,0.10750787705183029,0.10239525884389877,0.10111134499311447,0.09442607313394547,0.1408008486032486,0.018936293199658394,0.016156785190105438,0.018371468409895897,0.019448664039373398,0.018449148163199425,0.026044487953186035,0.052418120205402374,0.05380469933152199,0.05165914073586464,0.055101748555898666,0.05332836136221886,0.07540179044008255,0.9339300394058228,0.8214545249938965,0.8661432862281799,0.8957746624946594,0.9044811129570007,0.9002347588539124,0.9391646981239319,0.785158097743988
13,139,2570.050048828125,2570.050048828125,2570.050048828125,2569.981201171875,2570.050048828125,2570.050048828125,-1.144409225162235e-06,6.499390602111816,0.013780318200588226,0.01804254576563835,0.01623166725039482,0.014957485720515251,0.014155139215290546,0.02773180976510048,0.36418765783309937,0.7310460805892944,0.4479656219482422,0.3914349675178528,0.3732357621192932,0.5007369518280029,0.09500735998153687,0.11705832183361053,0.10836430639028549,0.10110972821712494,0.09718044847249985,0.15275540947914124,0.009918926283717155,0.010877748019993305,0.010930502787232399,0.010387108661234379,0.010161073878407478,0.014684053137898445,0.04448840767145157,0.04953216016292572,0.04733407869935036,0.04488987848162651,0.04392467439174652,0.06753888726234436,,,,,,,,,,,,,,,,,,,,,,,,,,,,,,,,,,,,,,,,,,,,,,,,,,,,,,,,
14,149,,,,,,,,,,,,,,,,,,,,,,,,,,,,,,,,,,,,,,,9.999999747378752e-05,9.999999747378752e-05,3.232564267818816e-06,,,,,,,,,,,,,,,,,,,,,,,,,,,,,,,,,,,,,,,,,,,,,,,,,,,,,
14,149,,,,,,,,,,,,,,,,,,,,,,,,,,,,,,,,,,,,,,,,,,0.813190758228302,0.9037901163101196,168.44444274902344,168.44444274902344,168.44444274902344,168.44444274902344,168.44444274902344,168.44444274902344,0.0,0.9323620200157166,0.819090723991394,0.8942488431930542,0.937373697757721,0.7816042900085449,7.170266628265381,0.015655023977160454,0.01642136089503765,0.015879573300480843,0.01626986637711525,0.01510000042617321,0.023859037086367607,0.48059579730033875,0.6336585283279419,0.5075334906578064,0.48140692710876465,0.47648292779922485,0.5485109686851501,0.09676117449998856,0.10566872358322144,0.10292252898216248,0.0990215614438057,0.09434056282043457,0.13830387592315674,0.020912328734993935,0.0190973412245512,0.018674645572900772,0.01848137564957142,0.01891886070370674,0.022554822266101837,0.050234708935022354,0.05248448625206947,0.053855594247579575,0.05162040516734123,0.049390699714422226,0.07419830560684204,0.9249332547187805,0.813190758228302,0.8621585369110107,0.8922535181045532,0.8980301022529602,0.9096243977546692,0.9354429244995117,0.7758713960647583
14,149,2569.96240234375,2569.96240234375,2569.96240234375,2569.887451171875,2569.96240234375,2569.96240234375,-1.23977656585339e-06,6.384949207305908,0.013053014874458313,0.017400698736310005,0.015336813405156136,0.014199091121554375,0.013551058247685432,0.02622385323047638,0.35700660943984985,0.713578999042511,0.43532052636146545,0.3848062753677368,0.36539894342422485,0.4782547950744629,0.09508683532476425,0.11633030325174332,0.10730902850627899,0.10123267024755478,0.09736528247594833,0.14912651479244232,0.009514969773590565,0.010743381455540657,0.01062329113483429,0.010095263831317425,0.009748987853527069,0.014833065681159496,0.043933313339948654,0.04992086440324783,0.04661203920841217,0.0454380065202713,0.044392459094524384,0.06791599094867706,,,,,,,,,,,,,,,,,,,,,,,,,,,,,,,,,,,,,,,,,,,,,,,,,,,,,,,,
15,159,,,,,,,,,,,,,,,,,,,,,,,,,,,,,,,,,,,,,,,,,,0.8219234943389893,0.9076923131942749,168.44444274902344,168.44444274902344,168.44444274902344,168.44444274902344,168.44444274902344,168.44444274902344,0.0,0.9344594478607178,0.8277326822280884,0.8996478915214539,0.9402065873146057,0.7882528305053711,7.245432376861572,0.01603369601070881,0.016276415437459946,0.017234638333320618,0.017307313159108162,0.016095586121082306,0.025459561496973038,0.4572772979736328,0.644562840461731,0.4973931908607483,0.47803935408592224,0.46797963976860046,0.5268074870109558,0.09642205387353897,0.10603060573339462,0.10425041615962982,0.10123567283153534,0.09667983651161194,0.14405886828899384,0.02046510949730873,0.01889614202082157,0.01951095275580883,0.020160458981990814,0.019128289073705673,0.02676459774374962,0.05033695325255394,0.05908510088920593,0.051563795655965805,0.054597821086645126,0.05090007930994034,0.0753869041800499,0.929348349571228,0.8219234943389893,0.8774093985557556,0.8977699279785156,0.915274441242218,0.9002347588539124,0.9368830919265747,0.7872181534767151
15,159,2570.53759765625,2570.53759765625,2570.53759765625,2570.41259765625,2570.53759765625,2570.53759765625,-9.5367431640625e-07,6.212281703948975,0.013395644724369049,0.017634937539696693,0.015606848523020744,0.014442330226302147,0.01382584311068058,0.027680087834596634,0.34196144342422485,0.7110605239868164,0.4293898642063141,0.3734552562236786,0.35005101561546326,0.48357734084129333,0.0905786007642746,0.11199108511209488,0.10212241113185883,0.09680721908807755,0.09285758435726166,0.14641353487968445,0.009796008467674255,0.010602569207549095,0.010269632562994957,0.010312562808394432,0.00992654450237751,0.013807329349219799,0.041357431560754776,0.0472758486866951,0.043582890182733536,0.04269751161336899,0.04154074937105179,0.0644945353269577,,,,,,,,,,,,,,,,,,,,,,,,,,,,,,,,,,,,,,,,,,,,,,,,,,,,,,,,
16,169,,,,,,,,,,,,,,,,,,,,,,,,,,,,,,,,,,,,,,,,,,0.8328949809074402,0.9013585448265076,168.44444274902344,168.44444274902344,168.44444274902344,168.44444274902344,168.44444274902344,168.44444274902344,0.0,0.9367458820343018,0.8310481905937195,0.9035211205482483,0.9377064108848572,0.7839179039001465,7.0164008140563965,0.012555675581097603,0.015538440085947514,0.014401447027921677,0.013321887701749802,0.012842969037592411,0.023449789732694626,0.4635343551635742,0.663993775844574,0.525269091129303,0.47684943675994873,0.4662943482398987,0.5703318119049072,0.08588448166847229,0.1024382933974266,0.09676576405763626,0.09171319752931595,0.08670889586210251,0.13603763282299042,0.01489492878317833,0.016751732677221298,0.01896005868911743,0.016312552616000175,0.015309903770685196,0.02195504866540432,0.0522446446120739,0.058762289583683014,0.05037154629826546,0.050517480820417404,0.04938144609332085,0.07263430207967758,0.9372515678405762,0.8328949809074402,0.8821625113487244,0.904460072517395,0.9072532653808594,0.8955398797988892,0.9384058117866516,0.7772789597511292
16,169,2570.44384765625,2570.44384765625,2570.44384765625,2570.387451171875,2570.44384765625,2570.44384765625,-1.144409225162235e-06,6.495121002197266,0.013641372323036194,0.017647556960582733,0.015540753491222858,0.014530432410538197,0.01390604954212904,0.026263032108545303,0.3623581528663635,0.7172642350196838,0.4697790741920471,0.3903183043003082,0.3703954517841339,0.48763084411621094,0.0987895280122757,0.12018736451864243,0.11017535626888275,0.10395948588848114,0.10058636963367462,0.1498633772134781,0.00989174097776413,0.01092490740120411,0.010843513533473015,0.01027932483702898,0.00978898536413908,0.015222867950797081,0.04307771846652031,0.04990486800670624,0.04662201181054115,0.04442115128040314,0.043605148792266846,0.06993866711854935,,,,,,,,,,,,,,,,,,,,,,,,,,,,,,,,,,,,,,,,,,,,,,,,,,,,,,,,
17,179,,,,,,,,,,,,,,,,,,,,,,,,,,,,,,,,,,,,,,,,,,0.8193308711051941,0.9082241058349609,168.44444274902344,168.44444274902344,168.44444274902344,168.44444274902344,168.44444274902344,168.44444274902344,0.0,0.9346303939819336,0.8299795389175415,0.9030516147613525,0.9404612183570862,0.7889971137046814,7.238073825836182,0.016566786915063858,0.015571598894894123,0.016864018514752388,0.017052432522177696,0.01667725294828415,0.025277912616729736,0.457549512386322,0.6414445042610168,0.5121322870254517,0.4686908423900604,0.46756577491760254,0.5328091382980347,0.097114197909832,0.10934820026159286,0.10627426207065582,0.10046263039112091,0.09663516283035278,0.14511464536190033,0.02164239063858986,0.01604374870657921,0.0200894083827734,0.021394796669483185,0.021524477750062943,0.024505136534571648,0.055908020585775375,0.05098006874322891,0.05028229579329491,0.05168239772319794,0.049749404191970825,0.07778476178646088,0.9298341274261475,0.8193308711051941,0.8687117099761963,0.8999999761581421,0.9225181341171265,0.8943662047386169,0.9378973841667175,0.7892585396766663
17,179,2571.175048828125,2571.18115234375,2571.18115234375,2571.081298828125,2571.18115234375,2571.18115234375,-8.583068620282575e-07,6.520533084869385,0.01519334502518177,0.019266922026872635,0.017497364431619644,0.016259152442216873,0.015719003975391388,0.028401199728250504,0.35203713178634644,0.7445744872093201,0.4744876027107239,0.3902950584888458,0.3584440350532532,0.49324020743370056,0.09798754751682281,0.11698727309703827,0.10802726447582245,0.10331057012081146,0.09970857948064804,0.14588654041290283,0.010738695040345192,0.010974881239235401,0.011174263432621956,0.010760433040559292,0.011040800251066685,0.014360514469444752,0.0427144393324852,0.048980165272951126,0.04599251598119736,0.04405715689063072,0.043693963438272476,0.06590293347835541,,,,,,,,,,,,,,,,,,,,,,,,,,,,,,,,,,,,,,,,,,,,,,,,,,,,,,,,
18,189,,,,,,,,,,,,,,,,,,,,,,,,,,,,,,,,,,,,,,,,,,0.822513222694397,0.9066510796546936,168.44444274902344,168.44444274902344,168.44444274902344,168.44444274902344,168.44444274902344,168.44444274902344,0.0,0.934346079826355,0.8224554061889648,0.8991783857345581,0.9371365308761597,0.7822843194007874,6.946110248565674,0.014746254310011864,0.015854284167289734,0.015901224687695503,0.0161645095795393,0.014978351071476936,0.025622669607400894,0.45269399881362915,0.5919041633605957,0.4636971950531006,0.4508476257324219,0.45788997411727905,0.5104085803031921,0.09227491170167923,0.10522724688053131,0.10334461182355881,0.09829169511795044,0.09451909363269806,0.13791115581989288,0.01770744100213051,0.01759181171655655,0.020845523104071617,0.018596649169921875,0.018062550574541092,0.021497391164302826,0.05197064206004143,0.050436440855264664,0.05278867855668068,0.05017460137605667,0.05292549729347229,0.07524193078279495,0.9358354806900024,0.822513222694397,0.8729662895202637,0.9004694819450378,0.9013921022415161,0.9119718074798584,0.9380115866661072,0.7820589542388916
18,189,2571.02490234375,2571.043701171875,2571.018798828125,2570.69384765625,2571.043701171875,2571.050048828125,-8.583068620282575e-07,6.485659599304199,0.015355008654296398,0.01975378207862377,0.017718473449349403,0.01639677956700325,0.01593298837542534,0.029734179377555847,0.35359126329421997,0.6974538564682007,0.44330573081970215,0.37607067823410034,0.357582688331604,0.4742046892642975,0.10173600912094116,0.12209143489599228,0.11332245171070099,0.10721645504236221,0.10340527445077896,0.15525975823402405,0.01028008759021759,0.011304338462650776,0.011704208329319954,0.010371310636401176,0.01047033816576004,0.015142584219574928,0.04321540147066116,0.049037352204322815,0.04477553814649582,0.043374668806791306,0.043905265629291534,0.0670052021741867,,,,,,,,,,,,,,,,,,,,,,,,,,,,,,,,,,,,,,,,,,,,,,,,,,,,,,,,
19,199,,,,,,,,,,,,,,,,,,,,,,,,,,,,,,,,,,,,,,,9.999999747378752e-05,9.999999747378752e-05,3.232564267818816e-06,,,,,,,,,,,,,,,,,,,,,,,,,,,,,,,,,,,,,,,,,,,,,,,,,,,,,
19,199,,,,,,,,,,,,,,,,,,,,,,,,,,,,,,,,,,,,,,,,,,0.8288488388061523,0.900473952293396,168.44444274902344,168.44444274902344,168.44444274902344,168.37037658691406,168.44444274902344,168.44444274902344,0.0,0.9341338276863098,0.8255811929702759,0.9022300243377686,0.9376947283744812,0.7833684682846069,6.918449878692627,0.01458698883652687,0.014946673065423965,0.01617654412984848,0.013752597384154797,0.014365562237799168,0.023987222462892532,0.4575696289539337,0.6673861742019653,0.48689666390419006,0.4719732105731964,0.46371471881866455,0.5583410859107971,0.08968710154294968,0.10354327410459518,0.10149970650672913,0.08992481231689453,0.08948077261447906,0.14340993762016296,0.01625669188797474,0.013522135093808174,0.016652170568704605,0.014773516915738583,0.015842236578464508,0.019070062786340714,0.05087469518184662,0.05121651291847229,0.049621667712926865,0.05068579316139221,0.04830694943666458,0.07085751742124557,0.9385102391242981,0.8288488388061523,0.876894474029541,0.9065727591514587,0.9090909361839294,0.8920187950134277,0.9402958750724792,0.7930411100387573
19,199,2570.56884765625,2570.574951171875,2570.5625,2570.356201171875,2570.574951171875,2570.574951171875,-9.059905892172537e-07,6.342804908752441,0.014031532220542431,0.018359605222940445,0.016518304124474525,0.015272383578121662,0.014499718323349953,0.02865532971918583,0.3559536039829254,0.6865663528442383,0.43886256217956543,0.37797996401786804,0.36291632056236267,0.4895631670951843,0.09506838768720627,0.1168069839477539,0.10682729631662369,0.10110180079936981,0.09676965326070786,0.15400026738643646,0.009187422692775726,0.010706368833780289,0.01035204716026783,0.009715289808809757,0.009282326325774193,0.014124098233878613,0.04241691157221794,0.04839315637946129,0.044958412647247314,0.04374208301305771,0.04299420863389969,0.06475354731082916,,,,,,,,,,,,,,,,,,,,,,,,,,,,,,,,,,,,,,,,,,,,,,,,,,,,,,,,
20,209,,,,,,,,,,,,,,,,,,,,,,,,,,,,,,,,,,,,,,,,,,0.8240029811859131,0.9046773314476013,168.44444274902344,168.44444274902344,168.44444274902344,168.44444274902344,168.44444274902344,168.44444274902344,0.0,0.9343841671943665,0.8253657221794128,0.9016432166099548,0.9384411573410034,0.781736433506012,7.233184337615967,0.016212929040193558,0.015125327743589878,0.015811970457434654,0.015279935672879219,0.015406591817736626,0.024105343967676163,0.45168960094451904,0.7134085893630981,0.4988568127155304,0.4613298773765564,0.46156975626945496,0.5856839418411255,0.09428887069225311,0.10330416262149811,0.10071844607591629,0.09510946273803711,0.0935363844037056,0.14226162433624268,0.0207194946706295,0.014960644766688347,0.017152713611721992,0.018442777916789055,0.01836472377181053,0.018983202055096626,0.05491405352950096,0.05433177947998047,0.05540332570672035,0.05460984632372856,0.051489755511283875,0.07912691682577133,0.9336820840835571,0.8240029811859131,0.8696600198745728,0.8987089395523071,0.9127837419509888,0.8967136144638062,0.938801646232605,0.7781252861022949
20,209,2570.981201171875,2571.0625,2571.0625,2570.949951171875,2571.050048828125,2571.0625,-1.09672544112982e-06,6.464838981628418,0.014167827554047108,0.01868508569896221,0.017149513587355614,0.015423065051436424,0.01450354140251875,0.02819707989692688,0.35069596767425537,0.753352701663971,0.45287346839904785,0.3918777108192444,0.36216071248054504,0.5318722724914551,0.09546954929828644,0.11700813472270966,0.10791240632534027,0.1017630472779274,0.09712762385606766,0.1514916867017746,0.008881348185241222,0.010137091390788555,0.009992014616727829,0.009171823970973492,0.009032128378748894,0.013614146038889885,0.04230261594057083,0.04815395176410675,0.04495290294289589,0.04300956055521965,0.042696621268987656,0.06602196395397186,,,,,,,,,,,,,,,,,,,,,,,,,,,,,,,,,,,,,,,,,,,,,,,,,,,,,,,,
21,219,,,,,,,,,,,,,,,,,,,,,,,,,,,,,,,,,,,,,,,,,,0.8180951476097107,0.9027695655822754,168.44444274902344,168.44444274902344,168.44444274902344,168.29629516601562,168.44444274902344,168.44444274902344,0.0,0.9316459894180298,0.8216463923454285,0.9003521203994751,0.9376494288444519,0.779334306716919,7.276867866516113,0.015941891819238663,0.014602946117520332,0.01581226848065853,0.015665879473090172,0.01625944674015045,0.022938737645745277,0.4843492805957794,0.6725926399230957,0.5170483589172363,0.496134877204895,0.47679340839385986,0.5648437142372131,0.09472737461328506,0.10099812597036362,0.10089708119630814,0.09602900594472885,0.09568974375724792,0.13615745306015015,0.023049533367156982,0.016147496178746223,0.019341357052326202,0.020966002717614174,0.022051885724067688,0.02105586975812912,0.051290467381477356,0.05268567427992821,0.052922822535037994,0.053325820714235306,0.054408200085163116,0.07475540041923523,0.9304235577583313,0.8180951476097107,0.8638162612915039,0.8996478915214539,0.9065088629722595,0.8990610241889954,0.9361827969551086,0.7801123857498169
21,219,2570.543701171875,2570.637451171875,2570.625,2570.28759765625,2570.637451171875,2570.637451171875,-7.629394644936838e-07,6.2284135818481445,0.013468538410961628,0.01744808256626129,0.015770647674798965,0.01449721772223711,0.013837571255862713,0.027333807200193405,0.31706416606903076,0.7558423280715942,0.4270874857902527,0.35050728917121887,0.32471778988838196,0.5019647479057312,0.09477167576551437,0.11484362930059433,0.10653088986873627,0.10101886838674545,0.09619637578725815,0.1519453376531601,0.008940630592405796,0.009592920541763306,0.00971160363405943,0.008948802947998047,0.009045489132404327,0.012590751051902771,0.041753776371479034,0.04700292646884918,0.044807154685258865,0.042264096438884735,0.042884573340415955,0.0642244964838028,,,,,,,,,,,,,,,,,,,,,,,,,,,,,,,,,,,,,,,,,,,,,,,,,,,,,,,,
22,229,,,,,,,,,,,,,,,,,,,,,,,,,,,,,,,,,,,,,,,,,,0.8274973034858704,0.917688250541687,168.44444274902344,168.44444274902344,168.44444274902344,168.3333282470703,168.44444274902344,168.44444274902344,0.0,0.9331678152084351,0.8259307742118835,0.904460072517395,0.9365713000297546,0.7800238728523254,6.938943862915039,0.013889212161302567,0.013933343812823296,0.016038252040743828,0.01391857210546732,0.013803058303892612,0.021956920623779297,0.4496070444583893,0.6447312235832214,0.47627943754196167,0.4615328013896942,0.4509669542312622,0.5522511601448059,0.08857959508895874,0.10011330246925354,0.09942403435707092,0.09248610585927963,0.09048202633857727,0.13603714108467102,0.01809796504676342,0.01528352964669466,0.018825719133019447,0.01607063226401806,0.017972107976675034,0.020243823528289795,0.05347952991724014,0.060053322464227676,0.05221403017640114,0.04778575897216797,0.05100538581609726,0.0732949897646904,0.9373691082000732,0.8274973034858704,0.8774057030677795,0.9034037590026855,0.9128919839859009,0.922535240650177,0.9409270882606506,0.7853606939315796
22,229,2570.72509765625,2570.75,2570.737548828125,2570.02490234375,2570.74365234375,2570.75,-1.144409225162235e-06,6.159973621368408,0.01306931208819151,0.017113344743847847,0.01552786398679018,0.014151317998766899,0.013447992503643036,0.025687864050269127,0.32058531045913696,0.729702889919281,0.41750478744506836,0.35016781091690063,0.32864320278167725,0.47769007086753845,0.09318603575229645,0.11398035287857056,0.10612378269433975,0.10017038881778717,0.0956432893872261,0.1466895043849945,0.009151228703558445,0.010122057981789112,0.009975465014576912,0.009478705003857613,0.009286272339522839,0.013237113133072853,0.041606299579143524,0.04837515205144882,0.04504210874438286,0.04283234849572182,0.042339980602264404,0.06437423825263977,,,,,,,,,,,,,,,,,,,,,,,,,,,,,,,,,,,,,,,,,,,,,,,,,,,,,,,,
23,239,,,,,,,,,,,,,,,,,,,,,,,,,,,,,,,,,,,,,,,,,,0.8222841620445251,0.9101654887199402,168.44444274902344,168.44444274902344,168.44444274902344,168.40740966796875,168.40740966796875,168.44444274902344,0.0,0.9344891309738159,0.8251732587814331,0.9019953012466431,0.9384260177612305,0.7807132601737976,7.025845050811768,0.014564154669642448,0.01580401510000229,0.01652172952890396,0.015172244980931282,0.015491588972508907,0.0240232702344656,0.4510386884212494,0.6358676552772522,0.4756203293800354,0.45785248279571533,0.4486806392669678,0.5273677706718445,0.09161706268787384,0.10386352241039276,0.10281065106391907,0.09622909128665924,0.09516701102256775,0.13809584081172943,0.01913502626121044,0.01929294876754284,0.020387979224324226,0.018938597291707993,0.01844836212694645,0.024900496006011963,0.052887629717588425,0.05653698369860649,0.051198676228523254,0.05155688896775246,0.04817020148038864,0.07173934578895569,0.9338554739952087,0.8222841620445251,0.8785169124603271,0.8983567953109741,0.9166666865348816,0.9037558436393738,0.9353993535041809,0.778937041759491
23,239,2571.237548828125,2571.50634765625,2571.5,2571.0,2571.356201171875,2571.512451171875,-1.1920928955078125e-06,6.299027919769287,0.01482593547552824,0.01877545937895775,0.01737620308995247,0.015923520550131798,0.015026669017970562,0.02870948240160942,0.33709126710891724,0.7201389074325562,0.4246394634246826,0.36228159070014954,0.34291231632232666,0.48503556847572327,0.0958395004272461,0.11659906804561615,0.10785100609064102,0.10174290835857391,0.09687618166208267,0.1521821916103363,0.00966081116348505,0.010589711368083954,0.010652991011738777,0.009915458038449287,0.009853659197688103,0.01469055749475956,0.041732240468263626,0.04700545221567154,0.044665537774562836,0.04190583527088165,0.04129602015018463,0.0643436461687088,,,,,,,,,,,,,,,,,,,,,,,,,,,,,,,,,,,,,,,,,,,,,,,,,,,,,,,,
24,249,,,,,,,,,,,,,,,,,,,,,,,,,,,,,,,,,,,,,,,9.999999747378752e-05,9.999999747378752e-05,3.232564267818816e-06,,,,,,,,,,,,,,,,,,,,,,,,,,,,,,,,,,,,,,,,,,,,,,,,,,,,,
24,249,,,,,,,,,,,,,,,,,,,,,,,,,,,,,,,,,,,,,,,,,,0.8106703758239746,0.9042676091194153,168.44444274902344,168.44444274902344,168.44444274902344,168.44444274902344,168.44444274902344,168.44444274902344,0.0,0.9297397136688232,0.8227062225341797,0.9015257954597473,0.9353876113891602,0.7812326550483704,7.565659523010254,0.01715387962758541,0.01630009338259697,0.018783653154969215,0.017031636089086533,0.015992432832717896,0.025185713544487953,0.5085057616233826,0.6429813504219055,0.5190367102622986,0.49495798349380493,0.5077745914459229,0.5516525506973267,0.09832032769918442,0.10478125512599945,0.11012792587280273,0.10226470977067947,0.09737467765808105,0.14222519099712372,0.022401724010705948,0.02251954935491085,0.02552785724401474,0.024362552911043167,0.021881625056266785,0.03133835271000862,0.04887107387185097,0.05484051629900932,0.05669610574841499,0.056901074945926666,0.0518142394721508,0.07851042598485947,0.9238858819007874,0.8106703758239746,0.8606311082839966,0.8953051567077637,0.8888888955116272,0.920187771320343,0.931643545627594,0.7821186184883118
24,249,2570.14990234375,2570.3125,2570.3125,2570.043701171875,2570.262451171875,2570.300048828125,-9.059905892172537e-07,6.0012688636779785,0.012297319248318672,0.016400888562202454,0.014885877259075642,0.013190558180212975,0.01254261564463377,0.02499399520456791,0.317759245634079,0.6989755034446716,0.4012588858604431,0.34334275126457214,0.3229493200778961,0.46543067693710327,0.09135228395462036,0.11216847598552704,0.10297848284244537,0.0960683599114418,0.09261550009250641,0.14505141973495483,0.008694915100932121,0.009695022366940975,0.009761374443769455,0.008890053257346153,0.008777220733463764,0.013370012864470482,0.041042689234018326,0.0466763898730278,0.044638894498348236,0.04232418164610863,0.04134434461593628,0.064690500497818,,,,,,,,,,,,,,,,,,,,,,,,,,,,,,,,,,,,,,,,,,,,,,,,,,,,,,,,
25,259,,,,,,,,,,,,,,,,,,,,,,,,,,,,,,,,,,,,,,,,,,0.8049567937850952,0.8971855044364929,168.37037658691406,168.44444274902344,168.44444274902344,168.40740966796875,168.37037658691406,168.44444274902344,0.0,0.9277352094650269,0.8209142684936523,0.9008215665817261,0.9334313869476318,0.7787812948226929,7.678618907928467,0.017446670681238174,0.017231540754437447,0.018548252061009407,0.01742086373269558,0.017647847533226013,0.026078904047608376,0.50132155418396,0.634239137172699,0.5268670320510864,0.5178648829460144,0.5044349431991577,0.5669311881065369,0.09947041422128677,0.10898417234420776,0.10927754640579224,0.10217107832431793,0.09917103499174118,0.1482204645872116,0.024872789159417152,0.025816868990659714,0.02454112470149994,0.025548288598656654,0.02611180581152439,0.027140948921442032,0.05520772561430931,0.05647111311554909,0.05625856667757034,0.05380066856741905,0.05570998415350914,0.0726202204823494,0.9177616238594055,0.8049567937850952,0.8544296026229858,0.891549289226532,0.8785151839256287,0.9166666865348816,0.9241930842399597,0.7593419551849365
25,259,2570.72509765625,2570.862548828125,2570.99365234375,2570.675048828125,2570.86865234375,2570.80615234375,-9.059905892172537e-07,6.169646739959717,0.014471163973212242,0.018673818558454514,0.01730421371757984,0.015638846904039383,0.014886808581650257,0.02868560515344143,0.32258141040802,0.7026780247688293,0.41092926263809204,0.35401904582977295,0.32995665073394775,0.4758831560611725,0.09313423931598663,0.11414750665426254,0.10577766597270966,0.09990184009075165,0.09498637914657593,0.15169580280780792,0.009616936556994915,0.010262765921652317,0.010243723168969154,0.009852981194853783,0.009861390106379986,0.013666274026036263,0.04114637151360512,0.046264469623565674,0.043892115354537964,0.04270293563604355,0.04162875935435295,0.06206328794360161,,,,,,,,,,,,,,,,,,,,,,,,,,,,,,,,,,,,,,,,,,,,,,,,,,,,,,,,
26,269,,,,,,,,,,,,,,,,,,,,,,,,,,,,,,,,,,,,,,,,,,0.8061017394065857,0.9025102257728577,168.44444274902344,168.44444274902344,168.44444274902344,168.29629516601562,168.44444274902344,168.44444274902344,0.0,0.9261418581008911,0.8177292943000793,0.8973004817962646,0.9297124147415161,0.7728683948516846,7.380492210388184,0.018086086958646774,0.017600592225790024,0.01800457388162613,0.017020253464579582,0.018582098186016083,0.027346232905983925,0.46923884749412537,0.6042904853820801,0.4745616912841797,0.4865054786205292,0.4677911102771759,0.5194708704948425,0.10356899350881577,0.1122269481420517,0.1089598685503006,0.10251554846763611,0.10541567951440811,0.1453477293252945,0.019933504983782768,0.02029711753129959,0.02239913120865822,0.02138889580965042,0.02323993854224682,0.027297744527459145,0.054633039981126785,0.05392127484083176,0.05499875172972679,0.05819797143340111,0.053685322403907776,0.07388018816709518,0.9283963441848755,0.8061017394065857,0.8651595711708069,0.888732373714447,0.8977932929992676,0.90727698802948,0.9361264705657959,0.7778862118721008
26,269,2569.78759765625,2570.25,2570.5625,2569.64990234375,2570.125,2570.449951171875,-9.059905892172537e-07,5.9169206619262695,0.013069209642708302,0.01713547855615616,0.015550757758319378,0.014353251084685326,0.013626880943775177,0.027510840445756912,0.3102433979511261,0.6640288233757019,0.3799836039543152,0.3287150263786316,0.31359630823135376,0.45524126291275024,0.09097332507371902,0.11256422102451324,0.10332751274108887,0.09738977253437042,0.09315819293260574,0.15128394961357117,0.00860313605517149,0.010015763342380524,0.009537491016089916,0.009063877165317535,0.008874556049704552,0.013201065361499786,0.04070260003209114,0.04594030976295471,0.04262989014387131,0.04196285083889961,0.040463272482156754,0.06130271032452583,,,,,,,,,,,,,,,,,,,,,,,,,,,,,,,,,,,,,,,,,,,,,,,,,,,,,,,,
27,279,,,,,,,,,,,,,,,,,,,,,,,,,,,,,,,,,,,,,,,,,,0.8238372206687927,0.9030373692512512,168.44444274902344,168.44444274902344,168.44444274902344,168.3333282470703,168.44444274902344,168.44444274902344,0.0,0.9307370185852051,0.8243874907493591,0.8985915780067444,0.9354054927825928,0.7786779403686523,7.177053928375244,0.016602853313088417,0.01696096919476986,0.017231032252311707,0.016313336789608,0.016582902520895004,0.025951197370886803,0.4419363737106323,0.5912850499153137,0.46314704418182373,0.462420791387558,0.44284558296203613,0.5136828422546387,0.09681418538093567,0.11263880878686905,0.1052941307425499,0.09909514337778091,0.09711560606956482,0.14356254041194916,0.02099115587770939,0.020366959273815155,0.022744668647646904,0.02009241282939911,0.021502945572137833,0.02743394672870636,0.0536150187253952,0.058946218341588974,0.05496613681316376,0.05531911179423332,0.052123405039310455,0.07279487699270248,0.9338958263397217,0.8238372206687927,0.8767331838607788,0.8968309760093689,0.8988372087478638,0.90727698802948,0.9376600980758667,0.7798569798469543
27,279,2570.449951171875,2570.47509765625,2570.46240234375,2569.61865234375,2570.41259765625,2570.47509765625,-8.583068620282575e-07,5.854434490203857,0.012566681019961834,0.016708260402083397,0.01493920385837555,0.013683954253792763,0.012805566191673279,0.02693827822804451,0.3100183606147766,0.653470516204834,0.38269132375717163,0.3335627615451813,0.3190695345401764,0.43479594588279724,0.0900932252407074,0.10977836698293686,0.10080172121524811,0.09553620219230652,0.09113062918186188,0.143675297498703,0.00865844078361988,0.010036944411695004,0.00948252622038126,0.008929312229156494,0.008716516196727753,0.01444175560027361,0.04024423286318779,0.04551507905125618,0.04285920783877373,0.04164647310972214,0.040343768894672394,0.06324300169944763,,,,,,,,,,,,,,,,,,,,,,,,,,,,,,,,,,,,,,,,,,,,,,,,,,,,,,,,
28,289,,,,,,,,,,,,,,,,,,,,,,,,,,,,,,,,,,,,,,,,,,0.8104905486106873,0.8992974162101746,168.44444274902344,168.44444274902344,168.44444274902344,168.29629516601562,168.44444274902344,168.44444274902344,0.0,0.9312155842781067,0.8219848275184631,0.9011737108230591,0.9381247758865356,0.7739630937576294,7.571850299835205,0.017388181760907173,0.018611250445246696,0.01832115463912487,0.017642410472035408,0.017385492101311684,0.025592468678951263,0.501588761806488,0.6314642429351807,0.5062912702560425,0.5190815329551697,0.5038748979568481,0.5341082215309143,0.09815181791782379,0.1105700433254242,0.10619405657052994,0.10269087553024292,0.0992889255285263,0.14319424331188202,0.021936628967523575,0.02206151746213436,0.023188987746834755,0.022097192704677582,0.022235145792365074,0.03162076696753502,0.05122757703065872,0.060237567871809006,0.05672621354460716,0.054007768630981445,0.056014496833086014,0.07475752383470535,0.9265688061714172,0.8104905486106873,0.8557373881340027,0.892370879650116,0.8971962332725525,0.9014084339141846,0.9368084669113159,0.7633390426635742
28,289,2570.512451171875,2570.512451171875,2570.5,2569.88134765625,2570.512451171875,2570.512451171875,-1.144409225162235e-06,5.904810905456543,0.01275327242910862,0.016878094524145126,0.015419338829815388,0.014349041506648064,0.013416687026619911,0.026284605264663696,0.3165200352668762,0.6405510902404785,0.37617331743240356,0.3357922434806824,0.3208772540092468,0.4396079480648041,0.09237596392631531,0.11117202043533325,0.10314421355724335,0.09878230839967728,0.09462599456310272,0.1449473351240158,0.008652464486658573,0.009994006715714931,0.009485878981649876,0.008990670554339886,0.008744425140321255,0.013121266849339008,0.04148548096418381,0.04599987715482712,0.043521683663129807,0.04273109883069992,0.041330426931381226,0.06388010829687119,,,,,,,,,,,,,,,,,,,,,,,,,,,,,,,,,,,,,,,,,,,,,,,,,,,,,,,,
29,299,,,,,,,,,,,,,,,,,,,,,,,,,,,,,,,,,,,,,,,9.999999747378752e-05,9.999999747378752e-05,3.232564267818816e-06,,,,,,,,,,,,,,,,,,,,,,,,,,,,,,,,,,,,,,,,,,,,,,,,,,,,,
29,299,,,,,,,,,,,,,,,,,,,,,,,,,,,,,,,,,,,,,,,,,,0.8028421998023987,0.89994215965271,168.44444274902344,168.44444274902344,168.44444274902344,168.25926208496094,168.44444274902344,168.44444274902344,0.0,0.9281782507896423,0.819175124168396,0.8981220722198486,0.9365745782852173,0.7750270962715149,7.623468399047852,0.017159877344965935,0.01851143129169941,0.018084077164530754,0.017151065170764923,0.016933001577854156,0.02715292200446129,0.5093495845794678,0.6011586785316467,0.5205104351043701,0.5115248560905457,0.5158146023750305,0.588561475276947,0.10232288390398026,0.10930148512125015,0.10774354636669159,0.10251965373754501,0.10130905359983444,0.1535639762878418,0.02248983085155487,0.022989988327026367,0.023143799975514412,0.022659406065940857,0.02217165008187294,0.0277254618704319,0.051624130457639694,0.05906398594379425,0.059532903134822845,0.05459962412714958,0.051007408648729324,0.07260479778051376,0.9221799969673157,0.8028421998023987,0.8486366271972656,0.8901408314704895,0.8871151804924011,0.9131455421447754,0.9342167973518372,0.7633323073387146
29,299,2570.24365234375,2570.24365234375,2570.206298828125,2569.47509765625,2570.237548828125,2570.24365234375,-1.0013579867518274e-06,5.7389116287231445,0.012176087126135826,0.0157463476061821,0.014302206225693226,0.013221532106399536,0.012647807598114014,0.024984439834952354,0.30657896399497986,0.6298357248306274,0.3787994980812073,0.32736140489578247,0.310325562953949,0.4333863854408264,0.08762875944375992,0.10563486814498901,0.09735406935214996,0.09319528937339783,0.0897098109126091,0.13941623270511627,0.009006560780107975,0.01014573872089386,0.00960943941026926,0.009296944364905357,0.009025327861309052,0.013089045882225037,0.04059145227074623,0.04550078511238098,0.04232969135046005,0.0414719320833683,0.04040883481502533,0.061795108020305634,,,,,,,,,,,,,,,,,,,,,,,,,,,,,,,,,,,,,,,,,,,,,,,,,,,,,,,,
