Tile,GT_Count,AI_Count,Matched,FP,FN,GT_Area_px,AI_Area_px,GT_Area_um2,AI_Area_um2,Area_Diff_pct
ROSILHA-M-B_011_jpg.rf.4a966541cdff84d474cd4516dd35b742_r0c0.jpg,20,20,13,7,7,118510,101195,1365.8068284002766,1166.2545101676315,-14.610581385537087
ROSILHA-M-B_011_jpg.rf.4a966541cdff84d474cd4516dd35b742_r0c1.jpg,22,23,20,3,2,224311,195987,2585.1446754307185,2258.7155757124715,-12.627111465777425
ROSILHA-M-B_011_jpg.rf.4a966541cdff84d474cd4516dd35b742_r0c2.jpg,8,11,6,5,2,103735,92275,1195.527561759368,1063.4530848927138,-11.047380344146141
ROSILHA-M-B_011_jpg.rf.4a966541cdff84d474cd4516dd35b742_r1c0.jpg,1,1,1,0,0,1500,1147,17.287235191970424,13.218972510126717,-23.533333333333335
ROSILHA-M-B_011_jpg.rf.4a966541cdff84d474cd4516dd35b742_r1c1.jpg,14,13,12,1,2,182767,162823,2106.3574095539057,1876.5063304414668,-10.912254400411452
ROSILHA-M-B_011_jpg.rf.4a966541cdff84d474cd4516dd35b742_r1c2.jpg,10,11,8,3,2,190563,211048,2196.2049332583065,2432.2909418633158,10.749725812460971
ROSILHA-M-B_011_jpg.rf.4a966541cdff84d474cd4516dd35b742_r2c0.jpg,11,10,9,1,2,134951,131887,1555.2864509277338,1519.974391842269,-2.270453720239198
ROSILHA-M-B_011_jpg.rf.4a966541cdff84d474cd4516dd35b742_r2c1.jpg,22,23,19,4,3,377828,360824,4354.400998741201,4158.432900605024,-4.500460527012291
ROSILHA-M-B_011_jpg.rf.4a966541cdff84d474cd4516dd35b742_r2c2.jpg,13,11,10,1,3,157560,160375,1815.8511845645733,1848.2935626081712,1.7866209697892865
ROSILHA-M-D_006_jpg.rf.4bf38cf5314617b13c7c11445fe40b04_r0c0.jpg,16,18,12,6,4,93941,110980,1082.6534407792624,1279.0249077365852,18.137980221628467
ROSILHA-M-D_006_jpg.rf.4bf38cf5314617b13c7c11445fe40b04_r0c1.jpg,9,12,7,5,2,91553,97457,1055.1321623536455,1123.174720069241,6.448723690103001
ROSILHA-M-D_006_jpg.rf.4bf38cf5314617b13c7c11445fe40b04_r0c2.jpg,46,41,39,2,7,156057,151147,1798.529374902219,1741.942491707169,-3.1462862928289024
ROSILHA-M-D_006_jpg.rf.4bf38cf5314617b13c7c11445fe40b04_r1c0.jpg,27,29,25,4,2,177920,171671,2050.4965902369186,1978.4779684271698,-3.5122526978417263
ROSILHA-M-D_006_jpg.rf.4bf38cf5314617b13c7c11445fe40b04_r1c1.jpg,36,35,33,2,3,138811,163698,1599.7722694884044,1886.5905509701163,17.92869441182615
ROSILHA-M-D_006_jpg.rf.4bf38cf5314617b13c7c11445fe40b04_r1c2.jpg,27,25,25,0,2,70085,79579,807.7172522861648,917.1339262278763,13.546407933223941
ROSILHA-M-D_006_jpg.rf.4bf38cf5314617b13c7c11445fe40b04_r2c0.jpg,3,3,3,0,0,29625,31300,341.42289504141587,360.72697433911617,5.654008438818566
ROSILHA-M-D_006_jpg.rf.4bf38cf5314617b13c7c11445fe40b04_r2c1.jpg,26,30,23,7,3,92831,91829,1069.8608867372043,1058.313013628968,-1.0793808102896663
ROSILHA-M-D_006_jpg.rf.4bf38cf5314617b13c7c11445fe40b04_r2c2.jpg,23,23,23,0,0,82702,92343,953.1259498975586,1064.2367728880831,11.65751735145462
ROSILHA-M-D_011_jpg.rf.3a2fb2d36de8bcc90049d66dd562a41c_r0c0.jpg,9,9,9,0,0,32869,37645,378.8094223499172,433.85197920115104,14.530408591682132
ROSILHA-M-D_011_jpg.rf.3a2fb2d36de8bcc90049d66dd562a41c_r0c1.jpg,43,40,38,2,5,134822,148857,1553.7997487012244,1715.550645980761,10.410022103217575
ROSILHA-M-D_011_jpg.rf.3a2fb2d36de8bcc90049d66dd562a41c_r0c2.jpg,12,10,10,0,2,49305,46694,568.2314207600679,538.140106702578,-5.295608964608052
ROSILHA-M-D_011_jpg.rf.3a2fb2d36de8bcc90049d66dd562a41c_r1c0.jpg,38,36,32,4,6,138557,134304,1596.8449643292306,1547.8298901482638,-3.069494864929235
ROSILHA-M-D_011_jpg.rf.3a2fb2d36de8bcc90049d66dd562a41c_r1c1.jpg,34,33,31,2,3,152336,198703,1755.645506802671,2290.0169962333994,30.437322760214265
ROSILHA-M-D_011_jpg.rf.3a2fb2d36de8bcc90049d66dd562a41c_r1c2.jpg,41,38,36,2,5,159453,177595,1837.66767537684,2046.7510226119916,11.377647331815645
ROSILHA-M-D_011_jpg.rf.3a2fb2d36de8bcc90049d66dd562a41c_r2c0.jpg,28,29,28,1,0,81435,94614,938.5239985720743,1090.4096469687265,16.18345920058943
ROSILHA-M-D_011_jpg.rf.3a2fb2d36de8bcc90049d66dd562a41c_r2c1.jpg,18,17,16,1,2,84770,89056,976.9592848155552,1026.3546781707453,5.056033974283355
ROSILHA-M-D_011_jpg.rf.3a2fb2d36de8bcc90049d66dd562a41c_r2c2.jpg,17,14,14,0,3,60102,62381,692.6649396718709,718.9300123402047,3.7918871252204585
TORDILHA-B_006_jpg.rf.235faef65a5565236d3b0050d4713580_r0c0.jpg,39,34,25,9,14,371105,386044,4276.919610610789,4449.088948299353,4.025545330836286
TORDILHA-B_006_jpg.rf.235faef65a5565236d3b0050d4713580_r0c1.jpg,47,43,35,8,12,349135,358999,4023.719239165729,4137.400097788127,2.82526816274507
TORDILHA-B_006_jpg.rf.235faef65a5565236d3b0050d4713580_r0c2.jpg,36,32,28,4,8,364274,336137,4198.193541546556,3873.9195838155747,-7.724130736753103
TORDILHA-B_006_jpg.rf.235faef65a5565236d3b0050d4713580_r1c0.jpg,25,20,17,3,8,233331,233604,2689.0985830517675,2692.2448598567057,0.11700117001170011
TORDILHA-B_006_jpg.rf.235faef65a5565236d3b0050d4713580_r1c1.jpg,24,27,19,8,5,270464,283918,3117.049852640726,3272.104827489239,4.974414339801231
TORDILHA-B_006_jpg.rf.235faef65a5565236d3b0050d4713580_r1c2.jpg,36,35,28,7,8,232465,250524,2679.11808593427,2887.2448728221325,7.76848127675134
TORDILHA-B_006_jpg.rf.235faef65a5565236d3b0050d4713580_r2c0.jpg,32,28,24,4,8,279962,280970,3226.5126258762825,3238.1296479252865,0.36004886377436934
TORDILHA-B_006_jpg.rf.235faef65a5565236d3b0050d4713580_r2c1.jpg,19,19,18,1,1,95637,100299,1102.1995413696502,1155.9282683462943,4.874682392797767
TORDILHA-B_006_jpg.rf.235faef65a5565236d3b0050d4713580_r2c2.jpg,43,44,36,8,7,266567,261800,3072.137615611987,3017.1987821719044,-1.788293374648775
TORDILHA-D_003_jpg.rf.e67cd4ad20c15ed213012bb43fa0dc3f_r0c0.jpg,19,30,9,21,10,181251,127868,2088.885777186554,1473.6561263512494,-29.452527158470847
TORDILHA-D_003_jpg.rf.e67cd4ad20c15ed213012bb43fa0dc3f_r0c1.jpg,17,33,8,25,9,222003,154612,2558.545382882007,1781.8760050006208,-30.355896091494262
TORDILHA-D_003_jpg.rf.e67cd4ad20c15ed213012bb43fa0dc3f_r0c2.jpg,0,0,0,0,0,0,0,0.0,0.0,0.0
TORDILHA-D_003_jpg.rf.e67cd4ad20c15ed213012bb43fa0dc3f_r1c0.jpg,25,24,20,4,5,115607,79341,1332.3502658920831,914.3910182440836,-31.370072746459986
TORDILHA-D_003_jpg.rf.e67cd4ad20c15ed213012bb43fa0dc3f_r1c1.jpg,31,35,17,18,14,199489,157126,2299.075507473992,1810.8494111823632,-21.23575736005494
TORDILHA-D_003_jpg.rf.e67cd4ad20c15ed213012bb43fa0dc3f_r1c2.jpg,28,38,13,25,15,251778,147837,2901.6970014426197,1703.795326050221,-41.28279674951743
TORDILHA-D_003_jpg.rf.e67cd4ad20c15ed213012bb43fa0dc3f_r2c0.jpg,32,38,24,14,8,304407,230935,3508.236935388094,2661.48510603846,-24.136107251147312
TORDILHA-D_003_jpg.rf.e67cd4ad20c15ed213012bb43fa0dc3f_r2c1.jpg,33,41,22,19,11,242748,206572,2797.6278455869574,2380.705832050476,-14.902697447558785
TORDILHA-D_003_jpg.rf.e67cd4ad20c15ed213012bb43fa0dc3f_r2c2.jpg,44,58,17,41,27,481731,326089,5551.86473084207,3758.1181576762956,-32.308902686354
TORDILHA-D_011_jpg.rf.67cbd65b708b681788cae0003256ca67_r0c0.jpg,5,4,3,1,2,18585,14520,214.18884402851356,167.3404366582737,-21.872477804681196
TORDILHA-D_011_jpg.rf.67cbd65b708b681788cae0003256ca67_r0c1.jpg,19,16,11,5,8,87983,67735,1013.9885425967559,780.6339171520777,-23.01353670595456
TORDILHA-D_011_jpg.rf.67cbd65b708b681788cae0003256ca67_r0c2.jpg,11,12,11,1,0,51774,50997,596.6862098860512,587.7314220566104,-1.5007532738440144
TORDILHA-D_011_jpg.rf.67cbd65b708b681788cae0003256ca67_r1c0.jpg,43,37,30,7,13,237123,197376,2732.8007136170686,2274.723555500236,-16.762186713224782
TORDILHA-D_011_jpg.rf.67cbd65b708b681788cae0003256ca67_r1c1.jpg,40,41,35,6,5,190293,183907,2193.093230923752,2119.495708299803,-3.355877515200244
TORDILHA-D_011_jpg.rf.67cbd65b708b681788cae0003256ca67_r1c2.jpg,36,35,25,10,11,276069,203357,3181.6464881413885,2343.653524622353,-26.33834295049426
TORDILHA-D_011_jpg.rf.67cbd65b708b681788cae0003256ca67_r2c0.jpg,27,25,25,0,2,156786,146052,1806.9309712055165,1683.2235161717763,-6.846274539818606
TORDILHA-D_011_jpg.rf.67cbd65b708b681788cae0003256ca67_r2c1.jpg,22,21,18,3,4,171490,156820,1976.391975380672,1807.3228152032011,-8.554434660913172
TORDILHA-D_011_jpg.rf.67cbd65b708b681788cae0003256ca67_r2c2.jpg,51,48,40,8,11,303539,247242,3498.233388623674,2849.420402222101,-18.54687536033261
TORDILHA-G_012_jpg.rf.5a71e85cb1442ba538dc7acb7149a07d_r0c0.jpg,6,4,3,1,3,33339,28932,384.22608937673465,333.43619238272555,-13.218752812021956
TORDILHA-G_012_jpg.rf.5a71e85cb1442ba538dc7acb7149a07d_r0c1.jpg,42,36,30,6,12,235585,179367,2715.0755351335683,2067.1730097854393,-23.86314918182397
TORDILHA-G_012_jpg.rf.5a71e85cb1442ba538dc7acb7149a07d_r0c2.jpg,19,16,14,2,5,133866,136765,1542.7820174722085,1576.1924806865566,2.1655984342551506
TORDILHA-G_012_jpg.rf.5a71e85cb1442ba538dc7acb7149a07d_r1c0.jpg,9,10,8,2,1,53287,61387,614.1232677830186,707.4743378196589,15.200705613001295
TORDILHA-G_012_jpg.rf.5a71e85cb1442ba538dc7acb7149a07d_r1c1.jpg,56,58,50,8,6,233869,248359,2695.298938073954,2862.293630028388,6.195776267910668
TORDILHA-G_012_jpg.rf.5a71e85cb1442ba538dc7acb7149a07d_r1c2.jpg,31,31,28,3,3,167222,164842,1927.2040288477854,1899.774949009859,-1.4232577053258544
TORDILHA-G_012_jpg.rf.5a71e85cb1442ba538dc7acb7149a07d_r2c0.jpg,39,36,30,6,9,177250,189983,2042.7749585178383,2189.5205356507445,7.183638928067701
TORDILHA-G_012_jpg.rf.5a71e85cb1442ba538dc7acb7149a07d_r2c1.jpg,32,35,28,7,4,190371,161774,2193.9921671537345,1864.4167906305488,-15.02172074528158
TORDILHA-G_012_jpg.rf.5a71e85cb1442ba538dc7acb7149a07d_r2c2.jpg,37,30,25,5,12,210770,217549,2429.087040941071,2507.213819185316,3.216302130284196
TOSTADA-B_004_jpg.rf.25c22e0051034e43662e42875d5b085f_r0c0.jpg,6,8,6,2,0,131718,317932,1518.0266966773067,3664.1101727023606,141.37323676338843
TOSTADA-B_004_jpg.rf.25c22e0051034e43662e42875d5b085f_r0c1.jpg,25,18,13,5,12,454944,258673,5243.149284783862,2981.1606592083767,-43.14179327565591
TOSTADA-B_004_jpg.rf.25c22e0051034e43662e42875d5b085f_r0c2.jpg,13,11,7,4,6,163969,145437,1889.7137781281322,1676.1357497430683,-11.302136379437576
TOSTADA-B_004_jpg.rf.25c22e0051034e43662e42875d5b085f_r1c0.jpg,1,3,1,2,0,97920,134326,1128.5107133318293,1548.0834362644127,37.17933006535948
TOSTADA-B_004_jpg.rf.25c22e0051034e43662e42875d5b085f_r1c1.jpg,12,11,7,4,5,193057,189743,2224.947842970823,2186.7545780200294,-1.7165914729846625
TOSTADA-B_004_jpg.rf.25c22e0051034e43662e42875d5b085f_r1c2.jpg,17,13,12,1,5,221664,136977,2554.6384677286214,1578.6357432603552,-38.205121264616714
TOSTADA-B_004_jpg.rf.25c22e0051034e43662e42875d5b085f_r2c0.jpg,7,10,7,3,0,263124,228460,3032.457648434684,2632.9611679717086,-13.17401681336556
TOSTADA-B_004_jpg.rf.25c22e0051034e43662e42875d5b085f_r2c1.jpg,32,25,19,6,13,324002,237503,3734.0658511125343,2737.180146532368,-26.697057425571447
TOSTADA-B_004_jpg.rf.25c22e0051034e43662e42875d5b085f_r2c2.jpg,17,16,9,7,8,243727,193003,2808.910647755584,2224.3255025039116,-20.811809934886163
TOSTADA-B_011_jpg.rf.e52fc7a5f2ca4041d6a049b2f927f63d_r0c0.jpg,30,21,13,8,17,294135,316896,3389.8539487934804,3652.1704555964398,7.738283441276965
TOSTADA-B_011_jpg.rf.e52fc7a5f2ca4041d6a049b2f927f63d_r0c1.jpg,24,11,10,1,14,141588,102805,1631.7767042404723,1184.8094759403464,-27.39144560273469
TOSTADA-B_011_jpg.rf.e52fc7a5f2ca4041d6a049b2f927f63d_r0c2.jpg,17,14,10,4,7,76208,1419593,878.2837463397881,16360.55871191658,1762.787371404577
TOSTADA-B_011_jpg.rf.e52fc7a5f2ca4041d6a049b2f927f63d_r1c0.jpg,11,6,3,3,8,114490,122648,1319.4770380857958,1413.4965478831923,7.125513145252861
TOSTADA-B_011_jpg.rf.e52fc7a5f2ca4041d6a049b2f927f63d_r1c1.jpg,25,17,14,3,11,204654,280841,2358.6012206516766,3236.642945698777,37.22722253168763
TOSTADA-B_011_jpg.rf.e52fc7a5f2ca4041d6a049b2f927f63d_r1c2.jpg,40,22,18,4,22,246616,212142,2842.2058627353185,2444.899098729993,-13.978817270574496
TOSTADA-B_011_jpg.rf.e52fc7a5f2ca4041d6a049b2f927f63d_r2c0.jpg,28,6,4,2,24,258498,73390,2979.143815102647,845.8067938258063,-71.6090646736145
TOSTADA-B_011_jpg.rf.e52fc7a5f2ca4041d6a049b2f927f63d_r2c1.jpg,34,12,8,4,26,323667,213654,3730.205035252994,2462.3246318034994,-33.989563347514576
TOSTADA-B_011_jpg.rf.e52fc7a5f2ca4041d6a049b2f927f63d_r2c2.jpg,17,9,7,2,10,122421,84436,1410.8804129574742,973.1099937794764,-31.02817327092574
TOSTADA-D_004_jpg.rf.3e98f483ac7b358f6b42724649248703_r0c0.jpg,17,14,6,8,11,247071,401877,2847.4496574102163,4631.561478162332,62.65648335903444
TOSTADA-D_004_jpg.rf.3e98f483ac7b358f6b42724649248703_r0c1.jpg,19,13,11,2,8,342779,195995,3950.4674612456197,2258.8077743001622,-42.821759792752765
TOSTADA-D_004_jpg.rf.3e98f483ac7b358f6b42724649248703_r0c2.jpg,13,10,5,5,8,153701,263348,1771.3768908273642,3035.039208890018,71.33785726833267
TOSTADA-D_004_jpg.rf.3e98f483ac7b358f6b42724649248703_r1c0.jpg,17,16,11,5,6,432747,688511,4987.332778413083,7934.967726172499,59.10243167485852
TOSTADA-D_004_jpg.rf.3e98f483ac7b358f6b42724649248703_r1c1.jpg,20,14,10,4,10,363638,327363,4190.8637538251605,3772.8007827660094,-9.975580109889504
TOSTADA-D_004_jpg.rf.3e98f483ac7b358f6b42724649248703_r1c2.jpg,14,8,5,3,9,244058,238870,2812.7253643212784,2752.9345802039834,-2.1257242130968867
TOSTADA-D_004_jpg.rf.3e98f483ac7b358f6b42724649248703_r2c0.jpg,9,9,6,3,3,206441,331060,2379.196080177044,3815.408055102486,60.36543128545202
TOSTADA-D_004_jpg.rf.3e98f483ac7b358f6b42724649248703_r2c1.jpg,21,17,12,5,9,281800,295872,3247.695251398177,3409.8725671457823,4.99361249112846
TOSTADA-D_004_jpg.rf.3e98f483ac7b358f6b42724649248703_r2c2.jpg,13,9,6,3,7,184383,220905,2124.9815242673885,2545.8911267214844,19.807682920876655
TOSTADA-D_005_jpg.rf.9eda8c127b0d32eddbe6f3379d28ec98_r0c0.jpg,5,1,0,1,5,61103,6818,704.2012879566458,78.57624635923624,-88.84179172872035
TOSTADA-D_005_jpg.rf.9eda8c127b0d32eddbe6f3379d28ec98_r0c1.jpg,24,20,14,6,10,231268,226005,2665.322872251077,2604.6677263741835,-2.2757147551758132
TOSTADA-D_005_jpg.rf.9eda8c127b0d32eddbe6f3379d28ec98_r0c2.jpg,26,22,13,9,13,181727,197392,2094.3715931541396,2274.9079526756173,8.620072966592746
TOSTADA-D_005_jpg.rf.9eda8c127b0d32eddbe6f3379d28ec98_r1c0.jpg,15,14,9,5,6,325141,362514,3747.19262503497,4177.909852254644,11.494397815101756
TOSTADA-D_005_jpg.rf.9eda8c127b0d32eddbe6f3379d28ec98_r1c1.jpg,20,17,15,2,5,231435,237282,2667.2475177691167,2734.6331605474174,2.5264113033897204
TOSTADA-D_005_jpg.rf.9eda8c127b0d32eddbe6f3379d28ec98_r1c2.jpg,26,19,13,6,13,176669,130263,2036.0790360868152,1501.2580785410955,-26.267200244525075
TOSTADA-D_005_jpg.rf.9eda8c127b0d32eddbe6f3379d28ec98_r2c0.jpg,16,14,6,8,10,433689,358495,4998.189162113641,4131.591586763625,-17.338230852062193
TOSTADA-D_005_jpg.rf.9eda8c127b0d32eddbe6f3379d28ec98_r2c1.jpg,12,9,8,1,4,141391,130489,1629.5063140185935,1503.8626886433524,-7.710533202254741
TOSTADA-D_005_jpg.rf.9eda8c127b0d32eddbe6f3379d28ec98_r2c2.jpg,12,11,7,4,5,98170,142202,1131.3919191971577,1638.8529458457188,44.85280635632067
TOSTADA-G_004_jpg.rf.a8373c1bf8f08d538788901740142a7d_r0c0.jpg,27,19,18,1,9,170243,204807,1962.020520524414,2360.3645186412577,20.302743725145824
TOSTADA-G_004_jpg.rf.a8373c1bf8f08d538788901740142a7d_r0c1.jpg,11,8,5,3,6,255530,324107,2944.9381390694684,3735.275957575972,26.837161977067268
TOSTADA-G_004_jpg.rf.a8373c1bf8f08d538788901740142a7d_r0c2.jpg,18,10,7,3,11,190950,279186,2200.665039937835,3217.569362870303,46.2089552238806
TOSTADA-G_004_jpg.rf.a8373c1bf8f08d538788901740142a7d_r1c0.jpg,27,16,10,6,17,313349,651853,3611.2919067791604,7512.490747727665,108.0277900998567
TOSTADA-G_004_jpg.rf.a8373c1bf8f08d538788901740142a7d_r1c1.jpg,13,11,7,4,6,230325,281687,2654.4549637270584,3246.3929463470486,22.299793769673286
TOSTADA-G_004_jpg.rf.a8373c1bf8f08d538788901740142a7d_r1c2.jpg,12,7,4,3,8,254379,335247,2931.6730672654962,3863.6624909350057,31.790360053306287
TOSTADA-G_004_jpg.rf.a8373c1bf8f08d538788901740142a7d_r2c0.jpg,21,10,7,3,14,245948,147358,2834.507280663161,1698.2749356122517,-40.08570917429701
TOSTADA-G_004_jpg.rf.a8373c1bf8f08d538788901740142a7d_r2c1.jpg,19,11,7,4,12,309141,266103,3562.7954496539523,3066.790097525937,-13.921802672566889
TOSTADA-G_004_jpg.rf.a8373c1bf8f08d538788901740142a7d_r2c2.jpg,14,12,10,2,4,289665,310718,3338.3379879214085,3580.970096252444,7.2680510244592895
TOSTADA-G_011_jpg.rf.9ccdeb5753c9cd5d19a9f9b7f930b630_r0c0.jpg,23,17,15,2,8,174396,155020,2009.8831123592493,1786.5781329728368,-11.110346567581825
TOSTADA-G_011_jpg.rf.9ccdeb5753c9cd5d19a9f9b7f930b630_r0c1.jpg,31,21,16,5,15,339546,314618,3913.207706995193,3625.916907751567,-7.3415678582577915
TOSTADA-G_011_jpg.rf.9ccdeb5753c9cd5d19a9f9b7f930b630_r0c2.jpg,24,17,15,2,9,332566,338273,3832.764439235224,3898.5366067289406,1.7160503479008677
TOSTADA-G_011_jpg.rf.9ccdeb5753c9cd5d19a9f9b7f930b630_r1c0.jpg,24,17,13,4,11,223421,254225,2574.8875825501495,2929.898244452454,13.787423742620433
TOSTADA-G_011_jpg.rf.9ccdeb5753c9cd5d19a9f9b7f930b630_r1c1.jpg,28,20,12,8,16,387609,475026,4467.12529701631,5474.5907895339615,22.552881899027113
TOSTADA-G_011_jpg.rf.9ccdeb5753c9cd5d19a9f9b7f930b630_r1c2.jpg,28,20,13,7,15,321385,306194,3703.9053881142763,3528.831794913461,-4.726729623348943
TOSTADA-G_011_jpg.rf.9ccdeb5753c9cd5d19a9f9b7f930b630_r2c0.jpg,24,16,15,1,9,262661,220906,3027.1216551720954,2545.9026515449455,-15.896916557844524
TOSTADA-G_011_jpg.rf.9ccdeb5753c9cd5d19a9f9b7f930b630_r2c1.jpg,22,8,4,4,18,242895,264901,2799.321994635771,3052.9372597254383,9.059881841948167
TOSTADA-G_011_jpg.rf.9ccdeb5753c9cd5d19a9f9b7f930b630_r2c2.jpg,22,11,10,1,12,212663,171636,2450.9035317533376,1978.0745996060239,-19.292025411096432
TP-D_001_jpg.rf.a759b345b354228cb1ebf83b7e7c1c88_r0c0.jpg,17,12,11,1,6,140284,132400,1616.7483344469192,1525.8866262779227,-5.62002794331499
TP-D_001_jpg.rf.a759b345b354228cb1ebf83b7e7c1c88_r0c1.jpg,20,21,14,7,6,205551,164067,2368.9389872964753,1890.843210827341,-20.181852678897208
TP-D_001_jpg.rf.a759b345b354228cb1ebf83b7e7c1c88_r0c2.jpg,26,28,22,6,4,313886,267428,3617.4807369778855,3082.060488612178,-14.800914981872399
TP-D_001_jpg.rf.a759b345b354228cb1ebf83b7e7c1c88_r1c0.jpg,31,29,24,5,7,232726,191565,2682.1260648576726,2207.7528063665427,-17.68646391034951
TP-D_001_jpg.rf.a759b345b354228cb1ebf83b7e7c1c88_r1c1.jpg,24,22,19,3,5,128126,110911,1476.6295308042684,1278.2296949177544,-13.435992694691162
TP-D_001_jpg.rf.a759b345b354228cb1ebf83b7e7c1c88_r1c2.jpg,24,24,21,3,3,196810,179607,2268.2005054211327,2069.938967416155,-8.740917636298969
TP-D_001_jpg.rf.a759b345b354228cb1ebf83b7e7c1c88_r2c0.jpg,24,26,22,4,2,172058,167532,1982.938075106698,1930.7767241207928,-2.6305083169628847
TP-D_001_jpg.rf.a759b345b354228cb1ebf83b7e7c1c88_r2c1.jpg,24,17,16,1,8,113173,68343,1304.2988455872458,787.6410098165564,-39.61192157139954
TP-D_001_jpg.rf.a759b345b354228cb1ebf83b7e7c1c88_r2c2.jpg,20,20,11,9,9,149202,118672,1719.526710074914,1367.6738498010095,-20.462192195815067
TP-D_009_jpg.rf.e8cdb11635df3be6c85d743284d8ecfb_r0c0.jpg,35,34,33,1,2,168867,192650,1946.1623634416464,2220.257239822068,14.083864816690058
TP-D_009_jpg.rf.e8cdb11635df3be6c85d743284d8ecfb_r0c1.jpg,37,33,28,5,9,230337,242556,2654.5932616085943,2795.4150794823854,5.304835957748864
TP-D_009_jpg.rf.e8cdb11635df3be6c85d743284d8ecfb_r0c2.jpg,43,42,35,7,8,197342,241218,2274.3317115025516,2779.994865691148,22.233482988922784
TP-D_009_jpg.rf.e8cdb11635df3be6c85d743284d8ecfb_r1c0.jpg,37,33,28,5,9,150109,175198,1729.9797249543255,2019.126020775223,16.7138545989914
TP-D_009_jpg.rf.e8cdb11635df3be6c85d743284d8ecfb_r1c1.jpg,27,25,22,3,5,105994,115681,1221.5621379584754,1333.2031028282204,9.139196558295753
TP-D_009_jpg.rf.e8cdb11635df3be6c85d743284d8ecfb_r1c2.jpg,49,43,36,7,13,188021,222326,2166.9088320196474,2562.2679008600107,18.245302386435558
TP-D_009_jpg.rf.e8cdb11635df3be6c85d743284d8ecfb_r2c0.jpg,44,31,26,5,18,153490,143879,1768.9451530770268,1658.1800747903417,-6.26164570981823
TP-D_009_jpg.rf.e8cdb11635df3be6c85d743284d8ecfb_r2c1.jpg,28,24,21,3,7,126526,130987,1458.1898132661665,1509.6020507270866,3.525757551807534
TP-D_009_jpg.rf.e8cdb11635df3be6c85d743284d8ecfb_r2c2.jpg,22,12,11,1,11,41207,30601,474.90340037035014,352.67112273965796,-25.738345426747884
ZAINA-679-B_001_jpg.rf.42f7c9c2b999e82410968535976ef160_r0c0.jpg,29,30,22,8,7,348147,324283,4012.3327135859513,3737.3043265051633,-6.854575797005288
ZAINA-679-B_001_jpg.rf.42f7c9c2b999e82410968535976ef160_r0c1.jpg,38,36,26,10,12,254540,237171,2933.5285638427677,2733.3539051432117,-6.823681936041487
ZAINA-679-B_001_jpg.rf.42f7c9c2b999e82410968535976ef160_r0c2.jpg,29,23,18,5,11,354767,299795,4088.6270448998475,3455.0844495845154,-15.495240538156029
ZAINA-679-B_001_jpg.rf.42f7c9c2b999e82410968535976ef160_r1c0.jpg,28,31,23,8,5,376807,338456,4342.6341539872,3900.645649422361,-10.17788947657554
ZAINA-679-B_001_jpg.rf.42f7c9c2b999e82410968535976ef160_r1c1.jpg,27,32,23,9,4,370929,388153,4274.891241681598,4473.394800979264,4.643476244779999
ZAINA-679-B_001_jpg.rf.42f7c9c2b999e82410968535976ef160_r1c2.jpg,15,17,11,6,4,286451,324510,3301.2972053167464,3739.9204614308815,13.28639104070155
ZAINA-679-B_001_jpg.rf.42f7c9c2b999e82410968535976ef160_r2c0.jpg,25,34,24,10,1,331573,392587,3821.3202895381396,4524.495868206728,18.40137767550434
ZAINA-679-B_001_jpg.rf.42f7c9c2b999e82410968535976ef160_r2c1.jpg,32,29,25,4,7,316670,215771,3649.5658454941827,2486.7226830711,-31.86250671045568
ZAINA-679-B_001_jpg.rf.42f7c9c2b999e82410968535976ef160_r2c2.jpg,18,24,16,8,2,353089,371509,4069.288391131763,4281.57563928916,5.216815023974126
ZAINA-679-B_011_jpg.rf.c763cf36a3a341bfed1f7851c1c77278_r0c0.jpg,34,31,29,2,5,321164,336490,3701.358402129326,3877.9878464974186,4.772016788930266
ZAINA-679-B_011_jpg.rf.c763cf36a3a341bfed1f7851c1c77278_r0c1.jpg,31,32,28,4,3,281782,287244,3247.4878045758733,3310.436390321568,1.938377894968451
ZAINA-679-B_011_jpg.rf.c763cf36a3a341bfed1f7851c1c77278_r0c2.jpg,29,22,20,2,9,344726,324713,3972.9062925247977,3742.2600005935283,-5.8054802944947586
ZAINA-679-B_011_jpg.rf.c763cf36a3a341bfed1f7851c1c77278_r1c0.jpg,29,26,24,2,5,252685,238435,2912.150016322031,2747.9212819983118,-5.6394324950036605
ZAINA-679-B_011_jpg.rf.c763cf36a3a341bfed1f7851c1c77278_r1c1.jpg,29,25,21,4,8,351808,318352,4054.5250922778205,3668.9505985561123,-9.509732581408041
ZAINA-679-B_011_jpg.rf.c763cf36a3a341bfed1f7851c1c77278_r1c2.jpg,25,23,20,3,5,357280,354424,4117.588926258129,4084.674030452617,-0.799373040752351
ZAINA-679-B_011_jpg.rf.c763cf36a3a341bfed1f7851c1c77278_r2c0.jpg,28,24,19,5,9,277685,245093,3200.2706028548714,2824.6535566037383,-11.737040171417254
ZAINA-679-B_011_jpg.rf.c763cf36a3a341bfed1f7851c1c77278_r2c1.jpg,22,19,14,5,8,406840,340833,4688.759177000831,3928.0401547899037,-16.224314226723035
ZAINA-679-B_011_jpg.rf.c763cf36a3a341bfed1f7851c1c77278_r2c2.jpg,29,26,20,6,9,280778,284118,3235.9168818207145,3274.409792181502,1.1895518879684306
ZAINA-679-D_007_jpg.rf.34de0be2ff800849eeb730bc4890f94f_r0c0.jpg,23,6,6,0,17,87927,29239,1013.3431524829223,336.9743131853488,-66.74627816256667
ZAINA-679-D_007_jpg.rf.34de0be2ff800849eeb730bc4890f94f_r0c1.jpg,29,12,10,2,19,163183,67535,1880.6552668875397,778.328952459815,-58.613948756917075
ZAINA-679-D_007_jpg.rf.34de0be2ff800849eeb730bc4890f94f_r0c2.jpg,33,19,19,0,14,207093,126739,2386.7102650738207,1460.6446006634264,-38.800925188200466
ZAINA-679-D_007_jpg.rf.34de0be2ff800849eeb730bc4890f94f_r1c0.jpg,29,6,5,1,24,134827,22715,1553.8573728185308,261.7863649237388,-83.15248429468875
ZAINA-679-D_007_jpg.rf.34de0be2ff800849eeb730bc4890f94f_r1c1.jpg,37,18,15,3,22,231750,103395,2670.8778371594303,1191.6091217825212,-55.38511326860841
ZAINA-679-D_007_jpg.rf.34de0be2ff800849eeb730bc4890f94f_r1c2.jpg,36,20,17,3,19,291179,113400,3355.7865706418374,1306.9149805129641,-61.05488376565618
ZAINA-679-D_007_jpg.rf.34de0be2ff800849eeb730bc4890f94f_r2c0.jpg,34,8,7,1,27,144388,29574,1664.0462099321503,340.8351290448889,-79.51768845056377
ZAINA-679-D_007_jpg.rf.34de0be2ff800849eeb730bc4890f94f_r2c1.jpg,50,18,18,0,32,246244,83301,2837.91862840771,960.0293191508855,-66.17135848995306
ZAINA-679-D_007_jpg.rf.34de0be2ff800849eeb730bc4890f94f_r2c2.jpg,31,18,17,1,14,220857,124329,2545.3379351953413,1432.8697761216606,-43.7061084774311
ZAINA-679-D_011_jpg.rf.ad543589609cac000708358c39701f62_r0c0.jpg,23,16,14,2,9,77234,69821,890.1082152110959,804.6746988923779,-9.598104461765544
ZAINA-679-D_011_jpg.rf.ad543589609cac000708358c39701f62_r0c1.jpg,12,9,8,1,4,53824,61576,620.312097981744,709.6525294538473,14.402497027348396
ZAINA-679-D_011_jpg.rf.ad543589609cac000708358c39701f62_r0c2.jpg,32,22,20,2,12,158562,149571,1827.3990576728095,1723.779369932139,-5.6703371551822
ZAINA-679-D_011_jpg.rf.ad543589609cac000708358c39701f62_r1c0.jpg,27,15,13,2,14,122182,125186,1408.1259801502201,1442.7465498280062,2.4586272937093843
ZAINA-679-D_011_jpg.rf.ad543589609cac000708358c39701f62_r1c1.jpg,22,12,12,0,10,77007,63846,887.4920802853776,735.8138787110291,-17.09065409638085
ZAINA-679-D_011_jpg.rf.ad543589609cac000708358c39701f62_r1c2.jpg,22,16,16,0,6,69711,49251,803.4069683116335,567.6090802931569,-29.349743942849766
ZAINA-679-D_011_jpg.rf.ad543589609cac000708358c39701f62_r2c0.jpg,22,15,11,4,11,91190,76510,1050.9486514371886,881.7642430251047,-16.09825638776182
ZAINA-679-D_011_jpg.rf.ad543589609cac000708358c39701f62_r2c1.jpg,29,16,15,1,14,108094,86193,1245.764267227234,993.3591086010044,-20.26106906951357
ZAINA-679-D_011_jpg.rf.ad543589609cac000708358c39701f62_r2c2.jpg,16,8,7,1,9,50618,51026,583.3635139647726,588.0656419369885,0.8060373780078234
ZAINA-679-G_006_jpg.rf.11cd17e1f39e2a9131fc83dd7a404392_r0c0.jpg,9,10,8,2,1,112269,122613,1293.8804051782183,1413.0931790620464,9.213585228335514
ZAINA-679-G_006_jpg.rf.11cd17e1f39e2a9131fc83dd7a404392_r0c1.jpg,24,22,18,4,6,248986,274354,2869.519694338632,3161.881415905236,10.188524656004756
ZAINA-679-G_006_jpg.rf.11cd17e1f39e2a9131fc83dd7a404392_r0c2.jpg,31,17,16,1,15,222175,172102,2560.5276525173526,1983.4451673389958,-22.537639248340273
ZAINA-679-G_006_jpg.rf.11cd17e1f39e2a9131fc83dd7a404392_r1c0.jpg,27,21,16,5,11,242577,275209,2795.657100775073,3171.735139964659,13.452223417718908
ZAINA-679-G_006_jpg.rf.11cd17e1f39e2a9131fc83dd7a404392_r1c1.jpg,36,28,22,6,14,331840,367761,3824.39741740231,4238.380600956157,10.824795081967213
ZAINA-679-G_006_jpg.rf.11cd17e1f39e2a9131fc83dd7a404392_r1c2.jpg,22,19,19,0,3,184191,167136,2122.768758162816,1926.2128940301125,-9.259410068895875
ZAINA-679-G_006_jpg.rf.11cd17e1f39e2a9131fc83dd7a404392_r2c0.jpg,26,25,25,0,1,252505,282774,2910.0755480989947,3258.920429449496,11.987485396328786
ZAINA-679-G_006_jpg.rf.11cd17e1f39e2a9131fc83dd7a404392_r2c1.jpg,20,17,15,2,5,210348,229398,2424.2235654403967,2643.7714523784207,9.056420788407781
ZAINA-679-G_006_jpg.rf.11cd17e1f39e2a9131fc83dd7a404392_r2c2.jpg,20,17,14,3,6,142883,161443,1646.7013506228734,1860.6020740648542,12.989648873553886
ZAINA-679-G_007_jpg.rf.35e86ec35895ca2f75ff075a91825a0e_r0c0.jpg,22,16,13,3,9,161464,144934,1860.8440953575416,1670.3387635420277,-10.23757617797156
ZAINA-679-G_007_jpg.rf.35e86ec35895ca2f75ff075a91825a0e_r0c1.jpg,30,30,22,8,8,239678,330497,2762.2466375607246,3808.919579493766,37.89208855214079
ZAINA-679-G_007_jpg.rf.35e86ec35895ca2f75ff075a91825a0e_r0c2.jpg,17,17,12,5,5,201295,211274,2319.889338645124,2434.895551965573,4.957400829628158
ZAINA-679-G_007_jpg.rf.35e86ec35895ca2f75ff075a91825a0e_r1c0.jpg,10,10,9,1,1,62741,78726,723.0789487862776,907.3032518153757,25.477757766054093
ZAINA-679-G_007_jpg.rf.35e86ec35895ca2f75ff075a91825a0e_r1c1.jpg,23,23,21,2,2,277725,301346,3200.731595793324,3472.959450773013,8.505175983436853
ZAINA-679-G_007_jpg.rf.35e86ec35895ca2f75ff075a91825a0e_r1c2.jpg,22,22,18,4,4,249120,283516,2871.064020682448,3267.471848457791,13.807000642260759
ZAINA-679-G_007_jpg.rf.35e86ec35895ca2f75ff075a91825a0e_r2c0.jpg,14,14,13,1,1,110968,116259,1278.8866098550493,1339.8644507888596,4.768041237113402
ZAINA-679-G_007_jpg.rf.35e86ec35895ca2f75ff075a91825a0e_r2c1.jpg,27,25,21,4,6,192829,185300,2222.320183221643,2135.549787381413,-3.904495693075212
ZAINA-679-G_007_jpg.rf.35e86ec35895ca2f75ff075a91825a0e_r2c2.jpg,9,10,9,1,0,69061,77899,795.9158330617796,897.7722228128694,12.797382024586959
ZAINA-679-G_009_jpg.rf.f3d1d1a68f80e6e7a761e1c1f244a623_r0c0.jpg,21,30,18,12,3,419347,387356,4832.9001440314805,4464.209516680597,-7.628765676158408
ZAINA-679-G_009_jpg.rf.f3d1d1a68f80e6e7a761e1c1f244a623_r0c1.jpg,16,17,14,3,2,177693,173017,2047.8804553112004,1993.9903808060978,-2.6315048988986622
ZAINA-679-G_009_jpg.rf.f3d1d1a68f80e6e7a761e1c1f244a623_r0c2.jpg,2,3,1,2,1,15081,9446,173.80586262007063,108.86348241556841,-37.364896227040646
ZAINA-679-G_009_jpg.rf.f3d1d1a68f80e6e7a761e1c1f244a623_r1c0.jpg,33,40,32,8,1,363730,470863,4191.924037583602,5426.612949464513,29.453990597421164
ZAINA-679-G_009_jpg.rf.f3d1d1a68f80e6e7a761e1c1f244a623_r1c1.jpg,22,28,19,9,3,331301,418691,3818.1855375566624,4825.339859840859,26.377825602699662
ZAINA-679-G_009_jpg.rf.f3d1d1a68f80e6e7a761e1c1f244a623_r1c2.jpg,20,23,17,6,3,218899,197060,2522.7723308580894,2271.081711286461,-9.976747267004416
ZAINA-679-G_009_jpg.rf.f3d1d1a68f80e6e7a761e1c1f244a623_r2c0.jpg,5,4,4,0,1,29233,33511,336.90516424458093,386.20835901208056,14.634146341463413
ZAINA-679-G_009_jpg.rf.f3d1d1a68f80e6e7a761e1c1f244a623_r2c1.jpg,27,22,18,4,9,201065,145420,2317.2386292490223,1675.939827744226,-27.675129933106206
ZAINA-679-G_009_jpg.rf.f3d1d1a68f80e6e7a761e1c1f244a623_r2c2.jpg,31,29,24,5,7,254906,205525,2937.7466492296085,2368.639341886481,-19.372239178363788
ZAINA-679-G_011_jpg.rf.5f57ef6c944be100b1ea7d06649ae4ae_r0c0.jpg,12,15,10,5,2,120247,137712,1385.8254467525783,1587.1064885044207,14.524270875780685
ZAINA-679-G_011_jpg.rf.5f57ef6c944be100b1ea7d06649ae4ae_r0c1.jpg,22,21,20,1,2,233935,258361,2696.059576422401,2977.564914288447,10.441361916771754
ZAINA-679-G_011_jpg.rf.5f57ef6c944be100b1ea7d06649ae4ae_r0c2.jpg,22,29,20,9,2,302915,364353,3491.041898783814,4199.1040026,20.282257398940295
ZAINA-679-G_011_jpg.rf.5f57ef6c944be100b1ea7d06649ae4ae_r1c0.jpg,36,40,32,8,4,190371,222947,2193.9921671537345,2569.4248162294866,17.11185001917309
ZAINA-679-G_011_jpg.rf.5f57ef6c944be100b1ea7d06649ae4ae_r1c1.jpg,21,22,19,3,2,171100,155042,1971.8972942307596,1786.8316790889855,-9.385154880187025
ZAINA-679-G_011_jpg.rf.5f57ef6c944be100b1ea7d06649ae4ae_r1c2.jpg,8,11,6,5,2,178288,124155,2054.737725270682,1430.864456839392,-30.362671632414965
ZAINA-679-G_011_jpg.rf.5f57ef6c944be100b1ea7d06649ae4ae_r2c0.jpg,8,8,8,0,0,30395,35335,350.29700910662734,407.2296370055166,16.252673137029117
ZAINA-679-G_011_jpg.rf.5f57ef6c944be100b1ea7d06649ae4ae_r2c1.jpg,14,17,12,5,2,142381,181599,1640.915889245294,2092.8964157510914,27.544405503543313
ZAINA-679-G_011_jpg.rf.5f57ef6c944be100b1ea7d06649ae4ae_r2c2.jpg,29,27,21,6,8,310272,326739,3575.8300249886984,3765.6092929261495,5.307278774752476
ZAINA-679-G_012_jpg.rf.435fdf30ec5d45e87c3d9429f66f572f_r0c0.jpg,1,2,1,1,0,37979,39293,437.70127023722983,452.8448882653959,3.4598067353010875
ZAINA-679-G_012_jpg.rf.435fdf30ec5d45e87c3d9429f66f572f_r0c1.jpg,9,9,7,2,2,165358,192898,1905.721757915897,2223.115396040474,16.654773279792934
ZAINA-679-G_012_jpg.rf.435fdf30ec5d45e87c3d9429f66f572f_r0c2.jpg,14,20,10,10,4,384021,418677,4425.774230437116,4825.178512312401,9.024506472302296
ZAINA-679-G_012_jpg.rf.435fdf30ec5d45e87c3d9429f66f572f_r1c0.jpg,14,12,11,1,3,193059,174809,2224.9708926177454,2014.642864448772,-9.45306875100358
ZAINA-679-G_012_jpg.rf.435fdf30ec5d45e87c3d9429f66f572f_r1c1.jpg,27,18,16,2,11,223110,204079,2571.3033624536806,2351.9744471614213,-8.529873156738828
ZAINA-679-G_012_jpg.rf.435fdf30ec5d45e87c3d9429f66f572f_r1c2.jpg,8,6,4,2,4,122392,93085,1410.5461930770962,1072.7881918963778,-23.945192496241585
ZAINA-679-G_012_jpg.rf.435fdf30ec5d45e87c3d9429f66f572f_r2c0.jpg,6,6,4,2,2,96393,73505,1110.9123079064034,847.1321485238574,-23.744462772193
ZAINA-679-G_012_jpg.rf.435fdf30ec5d45e87c3d9429f66f572f_r2c1.jpg,7,10,5,5,2,92408,109467,1064.9858864130686,1261.5878498396175,18.460522898450353
ZAINA-679-G_012_jpg.rf.435fdf30ec5d45e87c3d9429f66f572f_r2c2.jpg,16,13,9,4,7,241874,223983,2787.5551498817695,2581.3645333354075,-7.396826446827687
ZAZA-B_004_jpg.rf.9fae4295ae0fe50a89201daf82b520a6_r0c0.jpg,25,20,14,6,11,229600,202970,2646.099466717606,2339.1934179428245,-11.598432055749129
ZAZA-B_004_jpg.rf.9fae4295ae0fe50a89201daf82b520a6_r0c1.jpg,32,36,25,11,7,271047,245337,3123.7688247186716,2827.4656135282985,-9.485439794574372
ZAZA-B_004_jpg.rf.9fae4295ae0fe50a89201daf82b520a6_r0c2.jpg,30,25,23,2,7,390758,410285,4503.416966095986,4728.462193825057,4.99721054975202
ZAZA-B_004_jpg.rf.9fae4295ae0fe50a89201daf82b520a6_r1c0.jpg,24,20,19,1,5,147512,145386,1700.0497584252942,1675.5479837465414,-1.4412386788871414
ZAZA-B_004_jpg.rf.9fae4295ae0fe50a89201daf82b520a6_r1c1.jpg,33,25,20,5,13,281481,233583,3244.0188327140177,2692.0028385640185,-17.01642384388289
ZAZA-B_004_jpg.rf.9fae4295ae0fe50a89201daf82b520a6_r1c2.jpg,25,27,22,5,3,175390,230121,2021.3387868797952,2652.1038997409505,31.20531387194253
ZAZA-B_004_jpg.rf.9fae4295ae0fe50a89201daf82b520a6_r2c0.jpg,21,20,17,3,4,266486,218274,3071.20410491162,2515.5693161947684,-18.091757165479613
ZAZA-B_004_jpg.rf.9fae4295ae0fe50a89201daf82b520a6_r2c1.jpg,22,24,18,6,4,175732,164384,2025.2802765035644,1894.4965798645774,-6.457560376027133
ZAZA-B_004_jpg.rf.9fae4295ae0fe50a89201daf82b520a6_r2c2.jpg,27,26,21,5,6,172981,163613,1993.5754871614906,1885.6109409759047,-5.415623681213544
ZAZA-G_007_jpg.rf.b9cc35539ff0af0861e89e273942e011_r0c0.jpg,12,15,6,9,6,258164,261579,2975.294524066568,3014.6517961869545,1.322802559613269
ZAZA-G_007_jpg.rf.b9cc35539ff0af0861e89e273942e011_r0c1.jpg,27,31,18,13,9,321237,244994,3702.199714242002,2823.512599081068,-23.734190021697376
ZAZA-G_007_jpg.rf.b9cc35539ff0af0861e89e273942e011_r0c2.jpg,14,21,6,15,8,182802,112629,2106.760778375052,1298.0293416242912,-38.387435586043914
ZAZA-G_007_jpg.rf.b9cc35539ff0af0861e89e273942e011_r1c0.jpg,16,14,11,3,5,205205,164699,2364.9513983788606,1898.1268992548912,-19.739285105138762
ZAZA-G_007_jpg.rf.b9cc35539ff0af0861e89e273942e011_r1c1.jpg,11,16,5,11,6,163776,119974,1887.4894872000987,1382.6791699476398,-26.745066432200076
ZAZA-G_007_jpg.rf.b9cc35539ff0af0861e89e273942e011_r1c2.jpg,10,14,4,10,6,139274,88871,1605.1082627509925,1024.2225858304023,-36.189812886827404
ZAZA-G_007_jpg.rf.b9cc35539ff0af0861e89e273942e011_r2c0.jpg,18,24,11,13,7,287596,189930,3314.493128179951,2188.909720007295,-33.959443107692735
ZAZA-G_007_jpg.rf.b9cc35539ff0af0861e89e273942e011_r2c1.jpg,9,6,5,1,4,107872,53293,1243.2057564188224,614.1924167237866,-50.59607683180065
ZAZA-G_007_jpg.rf.b9cc35539ff0af0861e89e273942e011_r2c2.jpg,12,10,6,4,6,170962,124062,1970.3068685930984,1429.7926482574899,-27.432996806307834
ZAZA-G_013_jpg.rf.d376ef4953acedd3682f9e043326859d_r0c0.jpg,18,17,11,6,7,219153,166086,2525.699636017263,1914.1118293957331,-24.214589807121055
ZAZA-G_013_jpg.rf.d376ef4953acedd3682f9e043326859d_r0c1.jpg,14,16,12,4,2,152801,154762,1761.0045497121819,1783.6047285198179,1.2833685643418564
ZAZA-G_013_jpg.rf.d376ef4953acedd3682f9e043326859d_r0c2.jpg,19,22,12,10,7,398039,289351,4587.3292057178105,3334.719193354556,-27.30586701303139
ZAZA-G_013_jpg.rf.d376ef4953acedd3682f9e043326859d_r1c0.jpg,18,16,14,2,4,114517,97894,1319.7882083192515,1128.2110679218351,-14.515748753460183
ZAZA-G_013_jpg.rf.d376ef4953acedd3682f9e043326859d_r1c1.jpg,12,15,8,7,4,224885,200858,2591.7599240975123,2314.8529907925304,-10.684127442915267
ZAZA-G_013_jpg.rf.d376ef4953acedd3682f9e043326859d_r1c2.jpg,14,20,10,10,4,314960,266886,3629.8583973753366,3075.8140342961456,-15.263525527051053
ZAZA-G_013_jpg.rf.d376ef4953acedd3682f9e043326859d_r2c0.jpg,20,16,14,2,6,178797,162094,2060.6038604124906,1868.1047341381693,-9.341879338020213
ZAZA-G_013_jpg.rf.d376ef4953acedd3682f9e043326859d_r2c1.jpg,14,14,8,6,6,260402,223503,3001.0870789729884,2575.832618073977,-14.170014055191588
ZAZA-G_013_jpg.rf.d376ef4953acedd3682f9e043326859d_r2c2.jpg,23,19,14,5,9,204775,175510,2359.9957242904957,2022.7217656951527,-14.291295324136247
