Image,Type,IoU,GT_Area_um2,AI_Area_um2,Area_Err_%
ROSILHA-M-B_003_jpg.rf.863a24cebe30a134937348de5cbcaa87.jpg,TP,0.9428,5615.84,5849.25,4.16
ROSILHA-M-B_003_jpg.rf.863a24cebe30a134937348de5cbcaa87.jpg,TP,0.9343,6305.94,6334.88,0.46
ROSILHA-M-B_003_jpg.rf.863a24cebe30a134937348de5cbcaa87.jpg,TP,0.9311,7832.75,8087.87,3.26
ROSILHA-M-B_003_jpg.rf.863a24cebe30a134937348de5cbcaa87.jpg,TP,0.9294,3398.44,3504.53,3.12
ROSILHA-M-B_003_jpg.rf.863a24cebe30a134937348de5cbcaa87.jpg,TP,0.9156,2586.32,2756.08,6.56
ROSILHA-M-B_003_jpg.rf.863a24cebe30a134937348de5cbcaa87.jpg,TP,0.8997,16453.99,15639.95,-4.95
ROSILHA-M-B_003_jpg.rf.863a24cebe30a134937348de5cbcaa87.jpg,TP,0.8989,2383.78,2442.13,2.45
ROSILHA-M-B_003_jpg.rf.863a24cebe30a134937348de5cbcaa87.jpg,TP,0.8933,781.73,827.06,5.8
ROSILHA-M-B_003_jpg.rf.863a24cebe30a134937348de5cbcaa87.jpg,TP,0.893,13441.84,14326.77,6.58
ROSILHA-M-B_003_jpg.rf.863a24cebe30a134937348de5cbcaa87.jpg,TP,0.8875,1360.92,1478.11,8.61
ROSILHA-M-B_003_jpg.rf.863a24cebe30a134937348de5cbcaa87.jpg,TP,0.8785,1917.44,2087.67,8.88
ROSILHA-M-B_003_jpg.rf.863a24cebe30a134937348de5cbcaa87.jpg,TP,0.863,2465.28,2839.99,15.2
ROSILHA-M-B_003_jpg.rf.863a24cebe30a134937348de5cbcaa87.jpg,TP,0.8402,7279.61,6682.58,-8.2
ROSILHA-M-B_003_jpg.rf.863a24cebe30a134937348de5cbcaa87.jpg,TP,0.8211,7388.6,6300.64,-14.72
ROSILHA-M-B_003_jpg.rf.863a24cebe30a134937348de5cbcaa87.jpg,TP,0.7827,427.76,505.88,18.26
ROSILHA-M-B_003_jpg.rf.863a24cebe30a134937348de5cbcaa87.jpg,TP,0.6675,1020.93,1422.16,39.3
ROSILHA-M-B_003_jpg.rf.863a24cebe30a134937348de5cbcaa87.jpg,FP,0.3426,,1521.51,
ROSILHA-M-B_003_jpg.rf.863a24cebe30a134937348de5cbcaa87.jpg,FP,0.1303,,1071.57,
ROSILHA-M-B_003_jpg.rf.863a24cebe30a134937348de5cbcaa87.jpg,FP,0.4093,,6421.2,
ROSILHA-M-B_003_jpg.rf.863a24cebe30a134937348de5cbcaa87.jpg,FP,0.1152,,1691.26,
ROSILHA-M-B_003_jpg.rf.863a24cebe30a134937348de5cbcaa87.jpg,FN,0.0,3720.58,,
ROSILHA-M-B_003_jpg.rf.863a24cebe30a134937348de5cbcaa87.jpg,FN,0.0,2701.58,,
ROSILHA-M-B_003_jpg.rf.863a24cebe30a134937348de5cbcaa87.jpg,FN,0.0,1844.62,,
ROSILHA-M-B_003_jpg.rf.863a24cebe30a134937348de5cbcaa87.jpg,FN,0.0,297.07,,
ROSILHA-M-B_009_jpg.rf.d2aa8881a0b4f54b4bdb89392b953e71.jpg,TP,0.9449,1172.84,1176.7,0.33
ROSILHA-M-B_009_jpg.rf.d2aa8881a0b4f54b4bdb89392b953e71.jpg,TP,0.9373,4510.03,4532.7,0.5
ROSILHA-M-B_009_jpg.rf.d2aa8881a0b4f54b4bdb89392b953e71.jpg,TP,0.9349,1424.58,1457.85,2.34
ROSILHA-M-B_009_jpg.rf.d2aa8881a0b4f54b4bdb89392b953e71.jpg,TP,0.9345,4798.9,4867.86,1.44
ROSILHA-M-B_009_jpg.rf.d2aa8881a0b4f54b4bdb89392b953e71.jpg,TP,0.9337,2263.7,2352.43,3.92
ROSILHA-M-B_009_jpg.rf.d2aa8881a0b4f54b4bdb89392b953e71.jpg,TP,0.9265,2419.46,2495.18,3.13
ROSILHA-M-B_009_jpg.rf.d2aa8881a0b4f54b4bdb89392b953e71.jpg,TP,0.9251,1434.22,1440.01,0.4
ROSILHA-M-B_009_jpg.rf.d2aa8881a0b4f54b4bdb89392b953e71.jpg,TP,0.9217,1369.12,1363.81,-0.39
ROSILHA-M-B_009_jpg.rf.d2aa8881a0b4f54b4bdb89392b953e71.jpg,TP,0.9215,2122.4,2218.85,4.54
ROSILHA-M-B_009_jpg.rf.d2aa8881a0b4f54b4bdb89392b953e71.jpg,TP,0.9184,3123.55,3259.07,4.34
ROSILHA-M-B_009_jpg.rf.d2aa8881a0b4f54b4bdb89392b953e71.jpg,TP,0.9177,882.04,927.85,5.19
ROSILHA-M-B_009_jpg.rf.d2aa8881a0b4f54b4bdb89392b953e71.jpg,TP,0.9153,1924.19,2057.77,6.94
ROSILHA-M-B_009_jpg.rf.d2aa8881a0b4f54b4bdb89392b953e71.jpg,TP,0.9152,1925.64,1921.3,-0.23
ROSILHA-M-B_009_jpg.rf.d2aa8881a0b4f54b4bdb89392b953e71.jpg,TP,0.9053,3364.2,3497.78,3.97
ROSILHA-M-B_009_jpg.rf.d2aa8881a0b4f54b4bdb89392b953e71.jpg,TP,0.9037,1453.03,1417.82,-2.42
ROSILHA-M-B_009_jpg.rf.d2aa8881a0b4f54b4bdb89392b953e71.jpg,TP,0.9026,2038.48,2076.58,1.87
ROSILHA-M-B_009_jpg.rf.d2aa8881a0b4f54b4bdb89392b953e71.jpg,TP,0.9025,2606.1,2568.48,-1.44
ROSILHA-M-B_009_jpg.rf.d2aa8881a0b4f54b4bdb89392b953e71.jpg,TP,0.9011,1713.45,1838.35,7.29
ROSILHA-M-B_009_jpg.rf.d2aa8881a0b4f54b4bdb89392b953e71.jpg,TP,0.8992,1668.6,1712.0,2.6
ROSILHA-M-B_009_jpg.rf.d2aa8881a0b4f54b4bdb89392b953e71.jpg,TP,0.8941,1155.96,1216.24,5.21
ROSILHA-M-B_009_jpg.rf.d2aa8881a0b4f54b4bdb89392b953e71.jpg,TP,0.892,1059.99,1061.44,0.14
ROSILHA-M-B_009_jpg.rf.d2aa8881a0b4f54b4bdb89392b953e71.jpg,TP,0.8903,1483.41,1591.44,7.28
ROSILHA-M-B_009_jpg.rf.d2aa8881a0b4f54b4bdb89392b953e71.jpg,TP,0.89,3441.84,3465.95,0.7
ROSILHA-M-B_009_jpg.rf.d2aa8881a0b4f54b4bdb89392b953e71.jpg,TP,0.8875,992.96,1061.44,6.9
ROSILHA-M-B_009_jpg.rf.d2aa8881a0b4f54b4bdb89392b953e71.jpg,TP,0.8811,1016.11,1044.08,2.75
ROSILHA-M-B_009_jpg.rf.d2aa8881a0b4f54b4bdb89392b953e71.jpg,TP,0.8693,939.91,1046.01,11.29
ROSILHA-M-B_009_jpg.rf.d2aa8881a0b4f54b4bdb89392b953e71.jpg,TP,0.8648,631.75,651.52,3.13
ROSILHA-M-B_009_jpg.rf.d2aa8881a0b4f54b4bdb89392b953e71.jpg,TP,0.8628,1016.59,993.92,-2.23
ROSILHA-M-B_009_jpg.rf.d2aa8881a0b4f54b4bdb89392b953e71.jpg,TP,0.8584,978.01,1053.72,7.74
ROSILHA-M-B_009_jpg.rf.d2aa8881a0b4f54b4bdb89392b953e71.jpg,TP,0.8539,1260.61,1156.93,-8.22
ROSILHA-M-B_009_jpg.rf.d2aa8881a0b4f54b4bdb89392b953e71.jpg,TP,0.8497,6365.74,6844.14,7.52
ROSILHA-M-B_009_jpg.rf.d2aa8881a0b4f54b4bdb89392b953e71.jpg,TP,0.8339,1293.4,1453.51,12.38
ROSILHA-M-B_009_jpg.rf.d2aa8881a0b4f54b4bdb89392b953e71.jpg,TP,0.8307,1095.68,1156.44,5.55
ROSILHA-M-B_009_jpg.rf.d2aa8881a0b4f54b4bdb89392b953e71.jpg,TP,0.8192,217.98,257.52,18.14
ROSILHA-M-B_009_jpg.rf.d2aa8881a0b4f54b4bdb89392b953e71.jpg,TP,0.7909,373.75,407.02,8.9
ROSILHA-M-B_009_jpg.rf.d2aa8881a0b4f54b4bdb89392b953e71.jpg,TP,0.7893,493.83,538.19,8.98
ROSILHA-M-B_009_jpg.rf.d2aa8881a0b4f54b4bdb89392b953e71.jpg,TP,0.7555,132.14,99.83,-24.45
ROSILHA-M-B_009_jpg.rf.d2aa8881a0b4f54b4bdb89392b953e71.jpg,TP,0.6807,109.95,82.95,-24.56
ROSILHA-M-B_009_jpg.rf.d2aa8881a0b4f54b4bdb89392b953e71.jpg,TP,0.5072,6343.07,11892.36,87.49
ROSILHA-M-B_009_jpg.rf.d2aa8881a0b4f54b4bdb89392b953e71.jpg,FP,0.2351,,943.77,
ROSILHA-M-B_009_jpg.rf.d2aa8881a0b4f54b4bdb89392b953e71.jpg,FP,0.0854,,124.42,
ROSILHA-M-B_009_jpg.rf.d2aa8881a0b4f54b4bdb89392b953e71.jpg,FP,0.591,,4161.84,
ROSILHA-M-B_009_jpg.rf.d2aa8881a0b4f54b4bdb89392b953e71.jpg,FN,0.0,1458.82,,
ROSILHA-M-B_009_jpg.rf.d2aa8881a0b4f54b4bdb89392b953e71.jpg,FN,0.0,1361.4,,
ROSILHA-M-B_009_jpg.rf.d2aa8881a0b4f54b4bdb89392b953e71.jpg,FN,0.0,5410.4,,
ROSILHA-M-B_009_jpg.rf.d2aa8881a0b4f54b4bdb89392b953e71.jpg,FN,0.0,1751.06,,
ROSILHA-M-B_009_jpg.rf.d2aa8881a0b4f54b4bdb89392b953e71.jpg,FN,0.0,2115.16,,
ROSILHA-M-D_006_jpg.rf.de71085683e9c7eb460be0f184fb31ac.jpg,TP,0.9682,944.73,935.57,-0.97
ROSILHA-M-D_006_jpg.rf.de71085683e9c7eb460be0f184fb31ac.jpg,TP,0.9336,1595.78,1649.31,3.35
ROSILHA-M-D_006_jpg.rf.de71085683e9c7eb460be0f184fb31ac.jpg,TP,0.9334,1372.97,1426.02,3.86
ROSILHA-M-D_006_jpg.rf.de71085683e9c7eb460be0f184fb31ac.jpg,TP,0.9313,2585.36,2674.09,3.43
ROSILHA-M-D_006_jpg.rf.de71085683e9c7eb460be0f184fb31ac.jpg,TP,0.93,5069.93,5317.32,4.88
ROSILHA-M-D_006_jpg.rf.de71085683e9c7eb460be0f184fb31ac.jpg,TP,0.9298,3644.39,3757.23,3.1
ROSILHA-M-D_006_jpg.rf.de71085683e9c7eb460be0f184fb31ac.jpg,TP,0.9286,1359.95,1426.5,4.89
ROSILHA-M-D_006_jpg.rf.de71085683e9c7eb460be0f184fb31ac.jpg,TP,0.9279,4159.43,3995.47,-3.94
ROSILHA-M-D_006_jpg.rf.de71085683e9c7eb460be0f184fb31ac.jpg,TP,0.9268,1985.92,2073.69,4.42
ROSILHA-M-D_006_jpg.rf.de71085683e9c7eb460be0f184fb31ac.jpg,TP,0.9258,1269.29,1294.85,2.01
ROSILHA-M-D_006_jpg.rf.de71085683e9c7eb460be0f184fb31ac.jpg,TP,0.9247,4747.78,4927.66,3.79
ROSILHA-M-D_006_jpg.rf.de71085683e9c7eb460be0f184fb31ac.jpg,TP,0.9207,1444.35,1512.35,4.71
ROSILHA-M-D_006_jpg.rf.de71085683e9c7eb460be0f184fb31ac.jpg,TP,0.9189,1496.91,1538.39,2.77
ROSILHA-M-D_006_jpg.rf.de71085683e9c7eb460be0f184fb31ac.jpg,TP,0.9123,2343.75,2452.74,4.65
ROSILHA-M-D_006_jpg.rf.de71085683e9c7eb460be0f184fb31ac.jpg,TP,0.9092,1437.11,1452.06,1.04
ROSILHA-M-D_006_jpg.rf.de71085683e9c7eb460be0f184fb31ac.jpg,TP,0.901,2424.29,2641.78,8.97
ROSILHA-M-D_006_jpg.rf.de71085683e9c7eb460be0f184fb31ac.jpg,TP,0.8999,1278.94,1393.71,8.97
ROSILHA-M-D_006_jpg.rf.de71085683e9c7eb460be0f184fb31ac.jpg,TP,0.8884,2467.69,2657.7,7.7
ROSILHA-M-D_006_jpg.rf.de71085683e9c7eb460be0f184fb31ac.jpg,TP,0.8826,595.1,626.93,5.35
ROSILHA-M-D_006_jpg.rf.de71085683e9c7eb460be0f184fb31ac.jpg,TP,0.8739,720.0,771.12,7.1
ROSILHA-M-D_006_jpg.rf.de71085683e9c7eb460be0f184fb31ac.jpg,TP,0.8719,1043.11,1091.82,4.67
ROSILHA-M-D_006_jpg.rf.de71085683e9c7eb460be0f184fb31ac.jpg,TP,0.8707,2894.48,3154.42,8.98
ROSILHA-M-D_006_jpg.rf.de71085683e9c7eb460be0f184fb31ac.jpg,TP,0.8687,1038.77,1143.9,10.12
ROSILHA-M-D_006_jpg.rf.de71085683e9c7eb460be0f184fb31ac.jpg,TP,0.8641,642.84,680.46,5.85
ROSILHA-M-D_006_jpg.rf.de71085683e9c7eb460be0f184fb31ac.jpg,TP,0.8342,689.62,660.2,-4.27
ROSILHA-M-D_006_jpg.rf.de71085683e9c7eb460be0f184fb31ac.jpg,TP,0.8192,8336.71,7219.81,-13.4
ROSILHA-M-D_006_jpg.rf.de71085683e9c7eb460be0f184fb31ac.jpg,TP,0.8026,631.27,703.12,11.38
ROSILHA-M-D_006_jpg.rf.de71085683e9c7eb460be0f184fb31ac.jpg,TP,0.7514,72.34,83.91,16.0
ROSILHA-M-D_006_jpg.rf.de71085683e9c7eb460be0f184fb31ac.jpg,TP,0.7063,55.94,61.73,10.34
ROSILHA-M-D_006_jpg.rf.de71085683e9c7eb460be0f184fb31ac.jpg,TP,0.6884,82.95,79.09,-4.65
ROSILHA-M-D_006_jpg.rf.de71085683e9c7eb460be0f184fb31ac.jpg,TP,0.6727,152.87,157.7,3.15
ROSILHA-M-D_006_jpg.rf.de71085683e9c7eb460be0f184fb31ac.jpg,TP,0.6457,1710.07,1190.68,-30.37
ROSILHA-M-D_006_jpg.rf.de71085683e9c7eb460be0f184fb31ac.jpg,TP,0.6257,568.58,784.63,38.0
ROSILHA-M-D_006_jpg.rf.de71085683e9c7eb460be0f184fb31ac.jpg,FP,0.0,,83.91,
ROSILHA-M-D_006_jpg.rf.de71085683e9c7eb460be0f184fb31ac.jpg,FP,0.6176,,7458.04,
ROSILHA-M-D_006_jpg.rf.de71085683e9c7eb460be0f184fb31ac.jpg,FP,0.0,,111.88,
ROSILHA-M-D_006_jpg.rf.de71085683e9c7eb460be0f184fb31ac.jpg,FP,0.2599,,2372.2,
ROSILHA-M-D_006_jpg.rf.de71085683e9c7eb460be0f184fb31ac.jpg,FP,0.0,,68.48,
ROSILHA-M-D_006_jpg.rf.de71085683e9c7eb460be0f184fb31ac.jpg,FP,0.2293,,438.37,
ROSILHA-M-D_006_jpg.rf.de71085683e9c7eb460be0f184fb31ac.jpg,FN,0.0,1382.62,,
ROSILHA-M-D_006_jpg.rf.de71085683e9c7eb460be0f184fb31ac.jpg,FN,0.0,1794.95,,
ROSILHA-M-D_006_jpg.rf.de71085683e9c7eb460be0f184fb31ac.jpg,FN,0.0,96.45,,
ROSILHA-M-D_006_jpg.rf.de71085683e9c7eb460be0f184fb31ac.jpg,FN,0.0,14.47,,
ROSILHA-M-D_006_jpg.rf.de71085683e9c7eb460be0f184fb31ac.jpg,FN,0.0,150.46,,
ROSILHA-M-D_006_jpg.rf.de71085683e9c7eb460be0f184fb31ac.jpg,FN,0.0,15.91,,
ROSILHA-M-D_009_jpg.rf.b52035c8fe5fd87e1eed76dc4bbe6a14.jpg,TP,0.9644,6482.45,6515.72,0.51
ROSILHA-M-D_009_jpg.rf.b52035c8fe5fd87e1eed76dc4bbe6a14.jpg,TP,0.9623,6752.99,6743.34,-0.14
ROSILHA-M-D_009_jpg.rf.b52035c8fe5fd87e1eed76dc4bbe6a14.jpg,TP,0.9564,9823.98,9917.05,0.95
ROSILHA-M-D_009_jpg.rf.b52035c8fe5fd87e1eed76dc4bbe6a14.jpg,TP,0.9563,6051.31,6164.16,1.86
ROSILHA-M-D_009_jpg.rf.b52035c8fe5fd87e1eed76dc4bbe6a14.jpg,TP,0.9553,1604.46,1605.42,0.06
ROSILHA-M-D_009_jpg.rf.b52035c8fe5fd87e1eed76dc4bbe6a14.jpg,TP,0.9551,8215.66,8250.87,0.43
ROSILHA-M-D_009_jpg.rf.b52035c8fe5fd87e1eed76dc4bbe6a14.jpg,TP,0.9493,6862.94,6842.21,-0.3
ROSILHA-M-D_009_jpg.rf.b52035c8fe5fd87e1eed76dc4bbe6a14.jpg,TP,0.9474,3831.02,3776.04,-1.44
ROSILHA-M-D_009_jpg.rf.b52035c8fe5fd87e1eed76dc4bbe6a14.jpg,TP,0.9406,15799.09,15095.0,-4.46
ROSILHA-M-D_009_jpg.rf.b52035c8fe5fd87e1eed76dc4bbe6a14.jpg,TP,0.9385,2472.51,2495.18,0.92
ROSILHA-M-D_009_jpg.rf.b52035c8fe5fd87e1eed76dc4bbe6a14.jpg,TP,0.9377,3506.46,3559.03,1.5
ROSILHA-M-D_009_jpg.rf.b52035c8fe5fd87e1eed76dc4bbe6a14.jpg,TP,0.9364,1629.05,1603.01,-1.6
ROSILHA-M-D_009_jpg.rf.b52035c8fe5fd87e1eed76dc4bbe6a14.jpg,TP,0.9364,4123.26,4141.11,0.43
ROSILHA-M-D_009_jpg.rf.b52035c8fe5fd87e1eed76dc4bbe6a14.jpg,TP,0.9323,2719.43,2672.16,-1.74
ROSILHA-M-D_009_jpg.rf.b52035c8fe5fd87e1eed76dc4bbe6a14.jpg,TP,0.9309,3133.68,3162.13,0.91
ROSILHA-M-D_009_jpg.rf.b52035c8fe5fd87e1eed76dc4bbe6a14.jpg,TP,0.9288,1562.5,1521.03,-2.65
ROSILHA-M-D_009_jpg.rf.b52035c8fe5fd87e1eed76dc4bbe6a14.jpg,TP,0.9276,988.62,950.52,-3.85
ROSILHA-M-D_009_jpg.rf.b52035c8fe5fd87e1eed76dc4bbe6a14.jpg,TP,0.9063,1810.38,1809.9,-0.03
ROSILHA-M-D_009_jpg.rf.b52035c8fe5fd87e1eed76dc4bbe6a14.jpg,TP,0.8974,1711.03,1748.65,2.2
ROSILHA-M-D_009_jpg.rf.b52035c8fe5fd87e1eed76dc4bbe6a14.jpg,TP,0.892,1020.93,1040.22,1.89
ROSILHA-M-D_009_jpg.rf.b52035c8fe5fd87e1eed76dc4bbe6a14.jpg,TP,0.8906,1370.08,1362.36,-0.56
ROSILHA-M-D_009_jpg.rf.b52035c8fe5fd87e1eed76dc4bbe6a14.jpg,TP,0.8561,129.24,125.87,-2.61
ROSILHA-M-D_009_jpg.rf.b52035c8fe5fd87e1eed76dc4bbe6a14.jpg,TP,0.8511,1056.62,1143.9,8.26
ROSILHA-M-D_009_jpg.rf.b52035c8fe5fd87e1eed76dc4bbe6a14.jpg,TP,0.85,1271.7,1363.81,7.24
ROSILHA-M-D_009_jpg.rf.b52035c8fe5fd87e1eed76dc4bbe6a14.jpg,TP,0.7746,89.7,92.59,3.23
ROSILHA-M-D_009_jpg.rf.b52035c8fe5fd87e1eed76dc4bbe6a14.jpg,FN,0.0,2127.22,,
ROSILHA-M-G_001_jpg.rf.3dab74a9f6c203f6aca8afc07a353bd2.jpg,TP,0.9529,3339.6,3312.11,-0.82
ROSILHA-M-G_001_jpg.rf.3dab74a9f6c203f6aca8afc07a353bd2.jpg,TP,0.9433,2598.38,2625.39,1.04
ROSILHA-M-G_001_jpg.rf.3dab74a9f6c203f6aca8afc07a353bd2.jpg,TP,0.9417,2945.12,3091.72,4.98
ROSILHA-M-G_001_jpg.rf.3dab74a9f6c203f6aca8afc07a353bd2.jpg,TP,0.94,3840.18,3828.61,-0.3
ROSILHA-M-G_001_jpg.rf.3dab74a9f6c203f6aca8afc07a353bd2.jpg,TP,0.9237,2957.18,2976.47,0.65
ROSILHA-M-G_001_jpg.rf.3dab74a9f6c203f6aca8afc07a353bd2.jpg,TP,0.9148,1280.86,1299.19,1.43
ROSILHA-M-G_001_jpg.rf.3dab74a9f6c203f6aca8afc07a353bd2.jpg,TP,0.9128,2413.19,2358.7,-2.26
ROSILHA-M-G_001_jpg.rf.3dab74a9f6c203f6aca8afc07a353bd2.jpg,TP,0.9108,1926.6,2000.87,3.85
ROSILHA-M-G_001_jpg.rf.3dab74a9f6c203f6aca8afc07a353bd2.jpg,TP,0.9079,1521.99,1586.13,4.21
ROSILHA-M-G_001_jpg.rf.3dab74a9f6c203f6aca8afc07a353bd2.jpg,TP,0.9066,1065.3,1110.15,4.21
ROSILHA-M-G_001_jpg.rf.3dab74a9f6c203f6aca8afc07a353bd2.jpg,TP,0.9007,2950.91,3124.52,5.88
ROSILHA-M-G_001_jpg.rf.3dab74a9f6c203f6aca8afc07a353bd2.jpg,TP,0.8928,1386.96,1422.65,2.57
ROSILHA-M-G_001_jpg.rf.3dab74a9f6c203f6aca8afc07a353bd2.jpg,TP,0.8745,715.18,761.0,6.41
ROSILHA-M-G_001_jpg.rf.3dab74a9f6c203f6aca8afc07a353bd2.jpg,TP,0.8693,726.76,742.67,2.19
ROSILHA-M-G_001_jpg.rf.3dab74a9f6c203f6aca8afc07a353bd2.jpg,TP,0.8071,217.5,175.54,-19.29
ROSILHA-M-G_001_jpg.rf.3dab74a9f6c203f6aca8afc07a353bd2.jpg,TP,0.7946,400.27,341.44,-14.7
ROSILHA-M-G_001_jpg.rf.3dab74a9f6c203f6aca8afc07a353bd2.jpg,TP,0.7432,1320.41,993.92,-24.73
ROSILHA-M-G_001_jpg.rf.3dab74a9f6c203f6aca8afc07a353bd2.jpg,TP,0.7117,269.58,274.4,1.79
ROSILHA-M-G_001_jpg.rf.3dab74a9f6c203f6aca8afc07a353bd2.jpg,FP,0.0,,110.92,
ROSILHA-M-G_001_jpg.rf.3dab74a9f6c203f6aca8afc07a353bd2.jpg,FP,0.6647,,2653.84,
ROSILHA-M-G_005_jpg.rf.afae2fb85329c0fe56679d51ca1c64fd.jpg,TP,0.9383,11118.83,11071.57,-0.43
ROSILHA-M-G_005_jpg.rf.afae2fb85329c0fe56679d51ca1c64fd.jpg,TP,0.9203,3135.13,3105.71,-0.94
ROSILHA-M-G_005_jpg.rf.afae2fb85329c0fe56679d51ca1c64fd.jpg,TP,0.9187,3522.86,3695.51,4.9
ROSILHA-M-G_005_jpg.rf.afae2fb85329c0fe56679d51ca1c64fd.jpg,TP,0.9049,346.26,378.57,9.33
ROSILHA-M-G_005_jpg.rf.afae2fb85329c0fe56679d51ca1c64fd.jpg,TP,0.9034,2432.48,2471.06,1.59
ROSILHA-M-G_005_jpg.rf.afae2fb85329c0fe56679d51ca1c64fd.jpg,TP,0.8817,6891.88,7494.21,8.74
ROSILHA-M-G_005_jpg.rf.afae2fb85329c0fe56679d51ca1c64fd.jpg,TP,0.8578,93.56,89.22,-4.64
ROSILHA-M-G_005_jpg.rf.afae2fb85329c0fe56679d51ca1c64fd.jpg,TP,0.8328,3860.44,4073.11,5.51
ROSILHA-M-G_005_jpg.rf.afae2fb85329c0fe56679d51ca1c64fd.jpg,TP,0.8278,17675.54,19795.52,11.99
ROSILHA-M-G_005_jpg.rf.afae2fb85329c0fe56679d51ca1c64fd.jpg,TP,0.7276,10679.98,14013.79,31.22
ROSILHA-M-G_005_jpg.rf.afae2fb85329c0fe56679d51ca1c64fd.jpg,FP,0.0,,101.76,
ROSILHA-M-G_005_jpg.rf.afae2fb85329c0fe56679d51ca1c64fd.jpg,FP,0.0,,83.43,
ROSILHA-M-G_005_jpg.rf.afae2fb85329c0fe56679d51ca1c64fd.jpg,FP,0.34,,31486.79,
ROSILHA-M-G_005_jpg.rf.afae2fb85329c0fe56679d51ca1c64fd.jpg,FN,0.0,6799.29,,
ROSILHA-M-G_005_jpg.rf.afae2fb85329c0fe56679d51ca1c64fd.jpg,FN,0.0,7027.39,,
ROSILHA-M-G_005_jpg.rf.afae2fb85329c0fe56679d51ca1c64fd.jpg,FN,0.0,3295.72,,
ROSILHA-M-G_017_jpg.rf.85fc7b8a7b63a2cbb64907a1c82d5d51.jpg,TP,0.9474,2311.44,2348.57,1.61
ROSILHA-M-G_017_jpg.rf.85fc7b8a7b63a2cbb64907a1c82d5d51.jpg,TP,0.9391,1749.61,1784.34,1.98
ROSILHA-M-G_017_jpg.rf.85fc7b8a7b63a2cbb64907a1c82d5d51.jpg,TP,0.9351,2007.14,2106.48,4.95
ROSILHA-M-G_017_jpg.rf.85fc7b8a7b63a2cbb64907a1c82d5d51.jpg,TP,0.9295,2434.9,2471.55,1.51
ROSILHA-M-G_017_jpg.rf.85fc7b8a7b63a2cbb64907a1c82d5d51.jpg,TP,0.9213,3254.73,3388.79,4.12
ROSILHA-M-G_017_jpg.rf.85fc7b8a7b63a2cbb64907a1c82d5d51.jpg,TP,0.9206,2732.45,2799.96,2.47
ROSILHA-M-G_017_jpg.rf.85fc7b8a7b63a2cbb64907a1c82d5d51.jpg,TP,0.9165,1270.74,1329.09,4.59
ROSILHA-M-G_017_jpg.rf.85fc7b8a7b63a2cbb64907a1c82d5d51.jpg,TP,0.9077,896.99,947.63,5.65
ROSILHA-M-G_017_jpg.rf.85fc7b8a7b63a2cbb64907a1c82d5d51.jpg,TP,0.9042,1206.11,1304.49,8.16
ROSILHA-M-G_017_jpg.rf.85fc7b8a7b63a2cbb64907a1c82d5d51.jpg,TP,0.9039,761.0,797.16,4.75
ROSILHA-M-G_017_jpg.rf.85fc7b8a7b63a2cbb64907a1c82d5d51.jpg,TP,0.903,1335.84,1399.02,4.73
ROSILHA-M-G_017_jpg.rf.85fc7b8a7b63a2cbb64907a1c82d5d51.jpg,TP,0.8961,896.51,960.65,7.15
ROSILHA-M-G_017_jpg.rf.85fc7b8a7b63a2cbb64907a1c82d5d51.jpg,TP,0.888,1021.41,1083.62,6.09
ROSILHA-M-G_017_jpg.rf.85fc7b8a7b63a2cbb64907a1c82d5d51.jpg,TP,0.8856,1685.47,1652.68,-1.95
ROSILHA-M-G_017_jpg.rf.85fc7b8a7b63a2cbb64907a1c82d5d51.jpg,TP,0.7764,369.41,416.18,12.66
ROSILHA-M-G_017_jpg.rf.85fc7b8a7b63a2cbb64907a1c82d5d51.jpg,FP,0.0,,105.13,
ROSILHA-M-G_017_jpg.rf.85fc7b8a7b63a2cbb64907a1c82d5d51.jpg,FP,0.0,,240.64,
ROSILHA-M-G_017_jpg.rf.85fc7b8a7b63a2cbb64907a1c82d5d51.jpg,FN,0.0,3390.72,,
ROSILHA-M-G_017_jpg.rf.85fc7b8a7b63a2cbb64907a1c82d5d51.jpg,FN,0.0,1912.62,,
TORDILHA-B_009_jpg.rf.5902113a7929ec9592dc2b09471de461.jpg,TP,0.9345,4705.34,4905.48,4.25
TORDILHA-B_009_jpg.rf.5902113a7929ec9592dc2b09471de461.jpg,TP,0.9285,948.11,991.03,4.53
TORDILHA-B_009_jpg.rf.5902113a7929ec9592dc2b09471de461.jpg,TP,0.9223,2648.53,2807.2,5.99
TORDILHA-B_009_jpg.rf.5902113a7929ec9592dc2b09471de461.jpg,TP,0.9183,894.1,963.54,7.77
TORDILHA-B_009_jpg.rf.5902113a7929ec9592dc2b09471de461.jpg,TP,0.9179,192.9,190.01,-1.5
TORDILHA-B_009_jpg.rf.5902113a7929ec9592dc2b09471de461.jpg,TP,0.9175,1969.52,2029.8,3.06
TORDILHA-B_009_jpg.rf.5902113a7929ec9592dc2b09471de461.jpg,TP,0.9118,1008.39,1092.79,8.37
TORDILHA-B_009_jpg.rf.5902113a7929ec9592dc2b09471de461.jpg,TP,0.9116,1228.78,1275.08,3.77
TORDILHA-B_009_jpg.rf.5902113a7929ec9592dc2b09471de461.jpg,TP,0.9087,2866.51,2938.85,2.52
TORDILHA-B_009_jpg.rf.5902113a7929ec9592dc2b09471de461.jpg,TP,0.9077,665.03,701.2,5.44
TORDILHA-B_009_jpg.rf.5902113a7929ec9592dc2b09471de461.jpg,TP,0.9042,865.64,925.93,6.96
TORDILHA-B_009_jpg.rf.5902113a7929ec9592dc2b09471de461.jpg,TP,0.9029,1493.06,1482.93,-0.68
TORDILHA-B_009_jpg.rf.5902113a7929ec9592dc2b09471de461.jpg,TP,0.8992,716.15,755.69,5.52
TORDILHA-B_009_jpg.rf.5902113a7929ec9592dc2b09471de461.jpg,TP,0.8983,816.94,857.45,4.96
TORDILHA-B_009_jpg.rf.5902113a7929ec9592dc2b09471de461.jpg,TP,0.894,697.82,697.82,0.0
TORDILHA-B_009_jpg.rf.5902113a7929ec9592dc2b09471de461.jpg,TP,0.892,978.97,1015.62,3.74
TORDILHA-B_009_jpg.rf.5902113a7929ec9592dc2b09471de461.jpg,TP,0.8909,1127.99,1179.11,4.53
TORDILHA-B_009_jpg.rf.5902113a7929ec9592dc2b09471de461.jpg,TP,0.89,1284.24,1358.02,5.75
TORDILHA-B_009_jpg.rf.5902113a7929ec9592dc2b09471de461.jpg,TP,0.8887,1778.07,1822.43,2.5
TORDILHA-B_009_jpg.rf.5902113a7929ec9592dc2b09471de461.jpg,TP,0.8865,760.03,787.52,3.62
TORDILHA-B_009_jpg.rf.5902113a7929ec9592dc2b09471de461.jpg,TP,0.8858,766.3,802.47,4.72
TORDILHA-B_009_jpg.rf.5902113a7929ec9592dc2b09471de461.jpg,TP,0.8838,1293.89,1309.8,1.23
TORDILHA-B_009_jpg.rf.5902113a7929ec9592dc2b09471de461.jpg,TP,0.8788,1051.79,1115.45,6.05
TORDILHA-B_009_jpg.rf.5902113a7929ec9592dc2b09471de461.jpg,TP,0.8786,1247.11,1335.84,7.12
TORDILHA-B_009_jpg.rf.5902113a7929ec9592dc2b09471de461.jpg,TP,0.8776,978.97,1041.18,6.35
TORDILHA-B_009_jpg.rf.5902113a7929ec9592dc2b09471de461.jpg,TP,0.873,657.79,722.42,9.82
TORDILHA-B_009_jpg.rf.5902113a7929ec9592dc2b09471de461.jpg,TP,0.8712,355.42,366.51,3.12
TORDILHA-B_009_jpg.rf.5902113a7929ec9592dc2b09471de461.jpg,TP,0.8705,786.55,856.96,8.95
TORDILHA-B_009_jpg.rf.5902113a7929ec9592dc2b09471de461.jpg,TP,0.8679,416.67,435.47,4.51
TORDILHA-B_009_jpg.rf.5902113a7929ec9592dc2b09471de461.jpg,TP,0.8631,1388.89,1539.35,10.83
TORDILHA-B_009_jpg.rf.5902113a7929ec9592dc2b09471de461.jpg,TP,0.857,597.03,674.67,13.0
TORDILHA-B_009_jpg.rf.5902113a7929ec9592dc2b09471de461.jpg,TP,0.8529,704.09,753.28,6.99
TORDILHA-B_009_jpg.rf.5902113a7929ec9592dc2b09471de461.jpg,TP,0.8524,919.17,998.75,8.66
TORDILHA-B_009_jpg.rf.5902113a7929ec9592dc2b09471de461.jpg,TP,0.8395,1170.91,1354.65,15.69
TORDILHA-B_009_jpg.rf.5902113a7929ec9592dc2b09471de461.jpg,TP,0.8363,689.14,695.89,0.98
TORDILHA-B_009_jpg.rf.5902113a7929ec9592dc2b09471de461.jpg,TP,0.8283,434.51,474.54,9.21
TORDILHA-B_009_jpg.rf.5902113a7929ec9592dc2b09471de461.jpg,TP,0.8257,1438.56,1360.44,-5.43
TORDILHA-B_009_jpg.rf.5902113a7929ec9592dc2b09471de461.jpg,TP,0.8201,803.43,947.63,17.95
TORDILHA-B_009_jpg.rf.5902113a7929ec9592dc2b09471de461.jpg,TP,0.7926,102.72,84.88,-17.37
TORDILHA-B_009_jpg.rf.5902113a7929ec9592dc2b09471de461.jpg,TP,0.7794,383.39,433.55,13.08
TORDILHA-B_009_jpg.rf.5902113a7929ec9592dc2b09471de461.jpg,TP,0.7736,79.09,102.24,29.27
TORDILHA-B_009_jpg.rf.5902113a7929ec9592dc2b09471de461.jpg,TP,0.7362,166.38,166.86,0.29
TORDILHA-B_009_jpg.rf.5902113a7929ec9592dc2b09471de461.jpg,TP,0.7357,246.43,266.69,8.22
TORDILHA-B_009_jpg.rf.5902113a7929ec9592dc2b09471de461.jpg,TP,0.6513,2474.44,1807.48,-26.95
TORDILHA-B_009_jpg.rf.5902113a7929ec9592dc2b09471de461.jpg,FP,0.2706,,749.9,
TORDILHA-B_009_jpg.rf.5902113a7929ec9592dc2b09471de461.jpg,FP,0.475,,1103.88,
TORDILHA-B_009_jpg.rf.5902113a7929ec9592dc2b09471de461.jpg,FP,0.4836,,1107.25,
TORDILHA-B_009_jpg.rf.5902113a7929ec9592dc2b09471de461.jpg,FP,0.2739,,1393.23,
TORDILHA-B_009_jpg.rf.5902113a7929ec9592dc2b09471de461.jpg,FN,0.0,2147.47,,
TORDILHA-B_009_jpg.rf.5902113a7929ec9592dc2b09471de461.jpg,FN,0.0,14.95,,
TORDILHA-B_009_jpg.rf.5902113a7929ec9592dc2b09471de461.jpg,FN,0.0,13.02,,
TORDILHA-B_009_jpg.rf.5902113a7929ec9592dc2b09471de461.jpg,FN,0.0,803.92,,
TORDILHA-B_010_jpg.rf.698124083a3806b10e86f6304c2b5ce1.jpg,TP,0.9567,6212.87,6223.48,0.17
TORDILHA-B_010_jpg.rf.698124083a3806b10e86f6304c2b5ce1.jpg,TP,0.9556,5489.97,5418.6,-1.3
TORDILHA-B_010_jpg.rf.698124083a3806b10e86f6304c2b5ce1.jpg,TP,0.9544,5887.83,6047.94,2.72
TORDILHA-B_010_jpg.rf.698124083a3806b10e86f6304c2b5ce1.jpg,TP,0.9479,3740.84,3863.33,3.27
TORDILHA-B_010_jpg.rf.698124083a3806b10e86f6304c2b5ce1.jpg,TP,0.9379,4815.3,5039.54,4.66
TORDILHA-B_010_jpg.rf.698124083a3806b10e86f6304c2b5ce1.jpg,TP,0.9369,808.74,804.4,-0.54
TORDILHA-B_010_jpg.rf.698124083a3806b10e86f6304c2b5ce1.jpg,TP,0.9368,3478.97,3587.0,3.11
TORDILHA-B_010_jpg.rf.698124083a3806b10e86f6304c2b5ce1.jpg,TP,0.9297,1246.62,1279.9,2.67
TORDILHA-B_010_jpg.rf.698124083a3806b10e86f6304c2b5ce1.jpg,TP,0.9243,5295.62,5419.08,2.33
TORDILHA-B_010_jpg.rf.698124083a3806b10e86f6304c2b5ce1.jpg,TP,0.9239,1966.63,1935.76,-1.57
TORDILHA-B_010_jpg.rf.698124083a3806b10e86f6304c2b5ce1.jpg,TP,0.9224,5992.48,5921.59,-1.18
TORDILHA-B_010_jpg.rf.698124083a3806b10e86f6304c2b5ce1.jpg,TP,0.9215,1891.88,1958.43,3.52
TORDILHA-B_010_jpg.rf.698124083a3806b10e86f6304c2b5ce1.jpg,TP,0.9197,2321.08,2381.85,2.62
TORDILHA-B_010_jpg.rf.698124083a3806b10e86f6304c2b5ce1.jpg,TP,0.8987,1952.16,2005.21,2.72
TORDILHA-B_010_jpg.rf.698124083a3806b10e86f6304c2b5ce1.jpg,TP,0.8926,2919.56,3115.35,6.71
TORDILHA-B_010_jpg.rf.698124083a3806b10e86f6304c2b5ce1.jpg,TP,0.8918,837.67,840.08,0.29
TORDILHA-B_010_jpg.rf.698124083a3806b10e86f6304c2b5ce1.jpg,TP,0.8901,1400.46,1469.91,4.96
TORDILHA-B_010_jpg.rf.698124083a3806b10e86f6304c2b5ce1.jpg,TP,0.8855,1561.54,1589.99,1.82
TORDILHA-B_010_jpg.rf.698124083a3806b10e86f6304c2b5ce1.jpg,TP,0.8847,992.96,938.46,-5.49
TORDILHA-B_010_jpg.rf.698124083a3806b10e86f6304c2b5ce1.jpg,TP,0.8756,579.19,612.94,5.83
TORDILHA-B_010_jpg.rf.698124083a3806b10e86f6304c2b5ce1.jpg,TP,0.8748,956.79,1014.18,6.0
TORDILHA-B_010_jpg.rf.698124083a3806b10e86f6304c2b5ce1.jpg,TP,0.8653,413.29,407.99,-1.28
TORDILHA-B_010_jpg.rf.698124083a3806b10e86f6304c2b5ce1.jpg,TP,0.8634,618.73,683.35,10.44
TORDILHA-B_010_jpg.rf.698124083a3806b10e86f6304c2b5ce1.jpg,TP,0.8561,1357.06,1467.98,8.17
TORDILHA-B_010_jpg.rf.698124083a3806b10e86f6304c2b5ce1.jpg,TP,0.8333,181.81,184.22,1.33
TORDILHA-B_010_jpg.rf.698124083a3806b10e86f6304c2b5ce1.jpg,TP,0.8325,559.9,611.01,9.13
TORDILHA-B_010_jpg.rf.698124083a3806b10e86f6304c2b5ce1.jpg,TP,0.7203,124.9,91.63,-26.64
TORDILHA-B_010_jpg.rf.698124083a3806b10e86f6304c2b5ce1.jpg,TP,0.5381,3968.46,2300.83,-42.02
TORDILHA-B_010_jpg.rf.698124083a3806b10e86f6304c2b5ce1.jpg,FP,0.404,,1767.94,
TORDILHA-B_010_jpg.rf.698124083a3806b10e86f6304c2b5ce1.jpg,FP,0.6072,,3840.18,
TORDILHA-B_010_jpg.rf.698124083a3806b10e86f6304c2b5ce1.jpg,FP,0.3513,,2220.29,
TORDILHA-B_010_jpg.rf.698124083a3806b10e86f6304c2b5ce1.jpg,FN,0.0,1260.61,,
TORDILHA-B_010_jpg.rf.698124083a3806b10e86f6304c2b5ce1.jpg,FN,0.0,510.71,,
TORDILHA-B_010_jpg.rf.698124083a3806b10e86f6304c2b5ce1.jpg,FN,0.0,201.1,,
TORDILHA-B_012_jpg.rf.0b5caafb1952d960be9aa54f5506bf96.jpg,TP,0.9324,1031.06,1091.82,5.89
TORDILHA-B_012_jpg.rf.0b5caafb1952d960be9aa54f5506bf96.jpg,TP,0.9283,1201.29,1262.06,5.06
TORDILHA-B_012_jpg.rf.0b5caafb1952d960be9aa54f5506bf96.jpg,TP,0.9278,2101.18,2137.35,1.72
TORDILHA-B_012_jpg.rf.0b5caafb1952d960be9aa54f5506bf96.jpg,TP,0.9255,2491.32,2591.63,4.03
TORDILHA-B_012_jpg.rf.0b5caafb1952d960be9aa54f5506bf96.jpg,TP,0.9251,2609.95,2735.82,4.82
TORDILHA-B_012_jpg.rf.0b5caafb1952d960be9aa54f5506bf96.jpg,TP,0.9251,2052.95,2163.87,5.4
TORDILHA-B_012_jpg.rf.0b5caafb1952d960be9aa54f5506bf96.jpg,TP,0.9246,2523.15,2600.31,3.06
TORDILHA-B_012_jpg.rf.0b5caafb1952d960be9aa54f5506bf96.jpg,TP,0.9235,2183.64,2300.35,5.34
TORDILHA-B_012_jpg.rf.0b5caafb1952d960be9aa54f5506bf96.jpg,TP,0.9228,1103.88,1154.03,4.54
TORDILHA-B_012_jpg.rf.0b5caafb1952d960be9aa54f5506bf96.jpg,TP,0.9224,2703.03,2838.06,5.0
TORDILHA-B_012_jpg.rf.0b5caafb1952d960be9aa54f5506bf96.jpg,TP,0.9204,4946.47,5218.46,5.5
TORDILHA-B_012_jpg.rf.0b5caafb1952d960be9aa54f5506bf96.jpg,TP,0.9191,822.72,846.84,2.93
TORDILHA-B_012_jpg.rf.0b5caafb1952d960be9aa54f5506bf96.jpg,TP,0.9173,1627.12,1694.16,4.12
TORDILHA-B_012_jpg.rf.0b5caafb1952d960be9aa54f5506bf96.jpg,TP,0.9161,1534.53,1526.81,-0.5
TORDILHA-B_012_jpg.rf.0b5caafb1952d960be9aa54f5506bf96.jpg,TP,0.9158,1841.24,1880.3,2.12
TORDILHA-B_012_jpg.rf.0b5caafb1952d960be9aa54f5506bf96.jpg,TP,0.9131,1310.76,1386.0,5.74
TORDILHA-B_012_jpg.rf.0b5caafb1952d960be9aa54f5506bf96.jpg,TP,0.9074,1495.95,1532.12,2.42
TORDILHA-B_012_jpg.rf.0b5caafb1952d960be9aa54f5506bf96.jpg,TP,0.9054,2192.8,2207.75,0.68
TORDILHA-B_012_jpg.rf.0b5caafb1952d960be9aa54f5506bf96.jpg,TP,0.9044,939.91,1019.97,8.52
TORDILHA-B_012_jpg.rf.0b5caafb1952d960be9aa54f5506bf96.jpg,TP,0.9009,2464.8,2547.74,3.37
TORDILHA-B_012_jpg.rf.0b5caafb1952d960be9aa54f5506bf96.jpg,TP,0.8974,2077.06,2174.96,4.71
TORDILHA-B_012_jpg.rf.0b5caafb1952d960be9aa54f5506bf96.jpg,TP,0.8947,974.63,995.37,2.13
TORDILHA-B_012_jpg.rf.0b5caafb1952d960be9aa54f5506bf96.jpg,TP,0.8846,264.76,255.11,-3.64
TORDILHA-B_012_jpg.rf.0b5caafb1952d960be9aa54f5506bf96.jpg,TP,0.8838,929.3,923.03,-0.67
TORDILHA-B_012_jpg.rf.0b5caafb1952d960be9aa54f5506bf96.jpg,TP,0.8806,1250.0,1278.45,2.28
TORDILHA-B_012_jpg.rf.0b5caafb1952d960be9aa54f5506bf96.jpg,TP,0.8781,2131.56,2298.42,7.83
TORDILHA-B_012_jpg.rf.0b5caafb1952d960be9aa54f5506bf96.jpg,TP,0.8736,847.32,896.51,5.81
TORDILHA-B_012_jpg.rf.0b5caafb1952d960be9aa54f5506bf96.jpg,TP,0.8573,2250.19,2539.06,12.84
TORDILHA-B_012_jpg.rf.0b5caafb1952d960be9aa54f5506bf96.jpg,TP,0.8519,392.07,403.65,2.95
TORDILHA-B_012_jpg.rf.0b5caafb1952d960be9aa54f5506bf96.jpg,TP,0.8516,510.22,500.58,-1.89
TORDILHA-B_012_jpg.rf.0b5caafb1952d960be9aa54f5506bf96.jpg,TP,0.8423,541.09,568.58,5.08
TORDILHA-B_012_jpg.rf.0b5caafb1952d960be9aa54f5506bf96.jpg,TP,0.8174,142.26,160.11,12.54
TORDILHA-B_012_jpg.rf.0b5caafb1952d960be9aa54f5506bf96.jpg,TP,0.8112,112.36,91.15,-18.88
TORDILHA-B_012_jpg.rf.0b5caafb1952d960be9aa54f5506bf96.jpg,TP,0.7681,528.07,648.63,22.83
TORDILHA-B_012_jpg.rf.0b5caafb1952d960be9aa54f5506bf96.jpg,TP,0.7093,107.54,105.13,-2.24
TORDILHA-B_012_jpg.rf.0b5caafb1952d960be9aa54f5506bf96.jpg,TP,0.5455,4626.25,2776.33,-39.99
TORDILHA-B_012_jpg.rf.0b5caafb1952d960be9aa54f5506bf96.jpg,TP,0.5442,3805.46,2274.31,-40.24
TORDILHA-B_012_jpg.rf.0b5caafb1952d960be9aa54f5506bf96.jpg,FP,0.3984,,907.12,
TORDILHA-B_012_jpg.rf.0b5caafb1952d960be9aa54f5506bf96.jpg,FP,0.735,,489.0,
TORDILHA-B_012_jpg.rf.0b5caafb1952d960be9aa54f5506bf96.jpg,FP,0.1954,,814.53,
TORDILHA-B_012_jpg.rf.0b5caafb1952d960be9aa54f5506bf96.jpg,FN,0.0,1454.48,,
TORDILHA-B_012_jpg.rf.0b5caafb1952d960be9aa54f5506bf96.jpg,FN,0.0,69.93,,
TORDILHA-B_012_jpg.rf.0b5caafb1952d960be9aa54f5506bf96.jpg,FN,0.0,46.3,,
TORDILHA-B_012_jpg.rf.0b5caafb1952d960be9aa54f5506bf96.jpg,FN,0.0,972.7,,
TORDILHA-D_001_jpg.rf.36e39c15aad81283f9bcc0f8afcd649f.jpg,TP,0.941,15141.3,15048.71,-0.61
TORDILHA-D_001_jpg.rf.36e39c15aad81283f9bcc0f8afcd649f.jpg,TP,0.9394,3627.51,3627.51,0.0
TORDILHA-D_001_jpg.rf.36e39c15aad81283f9bcc0f8afcd649f.jpg,TP,0.9267,4202.35,4151.72,-1.2
TORDILHA-D_001_jpg.rf.36e39c15aad81283f9bcc0f8afcd649f.jpg,TP,0.9231,2619.12,2689.53,2.69
TORDILHA-D_001_jpg.rf.36e39c15aad81283f9bcc0f8afcd649f.jpg,TP,0.9152,4809.03,4574.65,-4.87
TORDILHA-D_001_jpg.rf.36e39c15aad81283f9bcc0f8afcd649f.jpg,TP,0.9094,1866.8,1831.11,-1.91
TORDILHA-D_001_jpg.rf.36e39c15aad81283f9bcc0f8afcd649f.jpg,TP,0.9063,951.49,971.74,2.13
TORDILHA-D_001_jpg.rf.36e39c15aad81283f9bcc0f8afcd649f.jpg,TP,0.8927,23359.86,21422.65,-8.29
TORDILHA-D_001_jpg.rf.36e39c15aad81283f9bcc0f8afcd649f.jpg,TP,0.8797,506.85,502.99,-0.76
TORDILHA-D_001_jpg.rf.36e39c15aad81283f9bcc0f8afcd649f.jpg,TP,0.8684,903.26,863.72,-4.38
TORDILHA-D_001_jpg.rf.36e39c15aad81283f9bcc0f8afcd649f.jpg,TP,0.8601,3800.64,3355.03,-11.72
TORDILHA-D_001_jpg.rf.36e39c15aad81283f9bcc0f8afcd649f.jpg,TP,0.8587,978.97,1038.77,6.11
TORDILHA-D_001_jpg.rf.36e39c15aad81283f9bcc0f8afcd649f.jpg,TP,0.8557,12192.32,10929.3,-10.36
TORDILHA-D_001_jpg.rf.36e39c15aad81283f9bcc0f8afcd649f.jpg,TP,0.8552,685.28,624.52,-8.87
TORDILHA-D_001_jpg.rf.36e39c15aad81283f9bcc0f8afcd649f.jpg,TP,0.8499,11730.81,10023.15,-14.56
TORDILHA-D_001_jpg.rf.36e39c15aad81283f9bcc0f8afcd649f.jpg,TP,0.8197,3235.44,2883.87,-10.87
TORDILHA-D_001_jpg.rf.36e39c15aad81283f9bcc0f8afcd649f.jpg,TP,0.7766,3558.55,2956.21,-16.93
TORDILHA-D_001_jpg.rf.36e39c15aad81283f9bcc0f8afcd649f.jpg,TP,0.764,311.54,279.71,-10.22
TORDILHA-D_001_jpg.rf.36e39c15aad81283f9bcc0f8afcd649f.jpg,TP,0.7285,201.1,216.53,7.67
TORDILHA-D_001_jpg.rf.36e39c15aad81283f9bcc0f8afcd649f.jpg,TP,0.5301,1501.25,854.07,-43.11
TORDILHA-D_001_jpg.rf.36e39c15aad81283f9bcc0f8afcd649f.jpg,FP,0.0765,,1052.28,
TORDILHA-D_001_jpg.rf.36e39c15aad81283f9bcc0f8afcd649f.jpg,FN,0.0,4971.06,,
TORDILHA-D_001_jpg.rf.36e39c15aad81283f9bcc0f8afcd649f.jpg,FN,0.0,2980.81,,
TORDILHA-D_001_jpg.rf.36e39c15aad81283f9bcc0f8afcd649f.jpg,FN,0.0,179.4,,
TORDILHA-D_001_jpg.rf.36e39c15aad81283f9bcc0f8afcd649f.jpg,FN,0.0,66.55,,
TORDILHA-D_006_jpg.rf.d879d44ef1add0b327aa39f6650afc47.jpg,TP,0.9536,6224.44,6007.91,-3.48
TORDILHA-D_006_jpg.rf.d879d44ef1add0b327aa39f6650afc47.jpg,TP,0.9495,5920.62,5670.33,-4.23
TORDILHA-D_006_jpg.rf.d879d44ef1add0b327aa39f6650afc47.jpg,TP,0.9419,1717.79,1669.56,-2.81
TORDILHA-D_006_jpg.rf.d879d44ef1add0b327aa39f6650afc47.jpg,TP,0.935,3307.77,3193.48,-3.46
TORDILHA-D_006_jpg.rf.d879d44ef1add0b327aa39f6650afc47.jpg,TP,0.9349,3132.23,3045.91,-2.76
TORDILHA-D_006_jpg.rf.d879d44ef1add0b327aa39f6650afc47.jpg,TP,0.9262,1363.81,1342.11,-1.59
TORDILHA-D_006_jpg.rf.d879d44ef1add0b327aa39f6650afc47.jpg,TP,0.9212,1508.49,1502.7,-0.38
TORDILHA-D_006_jpg.rf.d879d44ef1add0b327aa39f6650afc47.jpg,TP,0.9183,2570.89,2522.67,-1.88
TORDILHA-D_006_jpg.rf.d879d44ef1add0b327aa39f6650afc47.jpg,TP,0.9164,6575.52,6249.52,-4.96
TORDILHA-D_006_jpg.rf.d879d44ef1add0b327aa39f6650afc47.jpg,TP,0.916,1103.88,1074.94,-2.62
TORDILHA-D_006_jpg.rf.d879d44ef1add0b327aa39f6650afc47.jpg,TP,0.9098,635.13,630.3,-0.76
TORDILHA-D_006_jpg.rf.d879d44ef1add0b327aa39f6650afc47.jpg,TP,0.9067,574.85,557.97,-2.94
TORDILHA-D_006_jpg.rf.d879d44ef1add0b327aa39f6650afc47.jpg,TP,0.8968,5285.98,4870.27,-7.86
TORDILHA-D_006_jpg.rf.d879d44ef1add0b327aa39f6650afc47.jpg,TP,0.8883,1319.93,1230.71,-6.76
TORDILHA-D_006_jpg.rf.d879d44ef1add0b327aa39f6650afc47.jpg,TP,0.8815,696.86,674.19,-3.25
TORDILHA-D_006_jpg.rf.d879d44ef1add0b327aa39f6650afc47.jpg,TP,0.8806,1816.17,1838.83,1.25
TORDILHA-D_006_jpg.rf.d879d44ef1add0b327aa39f6650afc47.jpg,TP,0.8797,5692.52,5125.39,-9.96
TORDILHA-D_006_jpg.rf.d879d44ef1add0b327aa39f6650afc47.jpg,TP,0.8764,759.07,748.46,-1.4
TORDILHA-D_006_jpg.rf.d879d44ef1add0b327aa39f6650afc47.jpg,TP,0.8752,1957.95,1766.98,-9.75
TORDILHA-D_006_jpg.rf.d879d44ef1add0b327aa39f6650afc47.jpg,TP,0.874,734.95,699.27,-4.86
TORDILHA-D_006_jpg.rf.d879d44ef1add0b327aa39f6650afc47.jpg,TP,0.8589,1017.55,996.82,-2.04
TORDILHA-D_006_jpg.rf.d879d44ef1add0b327aa39f6650afc47.jpg,TP,0.8378,3062.31,2594.04,-15.29
TORDILHA-D_006_jpg.rf.d879d44ef1add0b327aa39f6650afc47.jpg,TP,0.8255,1469.91,1213.35,-17.45
TORDILHA-D_006_jpg.rf.d879d44ef1add0b327aa39f6650afc47.jpg,TP,0.5764,698.3,421.49,-39.64
TORDILHA-D_006_jpg.rf.d879d44ef1add0b327aa39f6650afc47.jpg,TP,0.5688,7783.08,4443.48,-42.91
TORDILHA-D_006_jpg.rf.d879d44ef1add0b327aa39f6650afc47.jpg,FP,0.1102,,2186.05,
TORDILHA-D_006_jpg.rf.d879d44ef1add0b327aa39f6650afc47.jpg,FP,0.0948,,1144.87,
TORDILHA-D_006_jpg.rf.d879d44ef1add0b327aa39f6650afc47.jpg,FP,0.3482,,4161.84,
TORDILHA-D_006_jpg.rf.d879d44ef1add0b327aa39f6650afc47.jpg,FP,0.3667,,2957.66,
TORDILHA-D_006_jpg.rf.d879d44ef1add0b327aa39f6650afc47.jpg,FN,0.0,25.56,,
TORDILHA-D_006_jpg.rf.d879d44ef1add0b327aa39f6650afc47.jpg,FN,0.0,11861.98,,
TORDILHA-D_006_jpg.rf.d879d44ef1add0b327aa39f6650afc47.jpg,FN,0.0,3699.36,,
TORDILHA-D_006_jpg.rf.d879d44ef1add0b327aa39f6650afc47.jpg,FN,0.0,20.25,,
TORDILHA-D_006_jpg.rf.d879d44ef1add0b327aa39f6650afc47.jpg,FN,0.0,41.96,,
TORDILHA-D_006_jpg.rf.d879d44ef1add0b327aa39f6650afc47.jpg,FN,0.0,13.5,,
TORDILHA-D_006_jpg.rf.d879d44ef1add0b327aa39f6650afc47.jpg,FN,0.0,20.74,,
TORDILHA-D_006_jpg.rf.d879d44ef1add0b327aa39f6650afc47.jpg,FN,0.0,21.22,,
TORDILHA-D_006_jpg.rf.d879d44ef1add0b327aa39f6650afc47.jpg,FN,0.0,4224.05,,
TORDILHA-D_006_jpg.rf.d879d44ef1add0b327aa39f6650afc47.jpg,FN,0.0,19724.63,,
TORDILHA-G_009_jpg.rf.b279af9f6892d54790621c0f5458daf3.jpg,TP,0.9524,1841.24,1837.38,-0.21
TORDILHA-G_009_jpg.rf.b279af9f6892d54790621c0f5458daf3.jpg,TP,0.9367,3011.67,3033.85,0.74
TORDILHA-G_009_jpg.rf.b279af9f6892d54790621c0f5458daf3.jpg,TP,0.9352,1780.48,1847.03,3.74
TORDILHA-G_009_jpg.rf.b279af9f6892d54790621c0f5458daf3.jpg,TP,0.9344,1509.45,1518.61,0.61
TORDILHA-G_009_jpg.rf.b279af9f6892d54790621c0f5458daf3.jpg,TP,0.9288,2920.52,2880.02,-1.39
TORDILHA-G_009_jpg.rf.b279af9f6892d54790621c0f5458daf3.jpg,TP,0.9285,978.01,998.26,2.07
TORDILHA-G_009_jpg.rf.b279af9f6892d54790621c0f5458daf3.jpg,TP,0.9274,1681.62,1696.08,0.86
TORDILHA-G_009_jpg.rf.b279af9f6892d54790621c0f5458daf3.jpg,TP,0.9273,662.62,653.45,-1.38
TORDILHA-G_009_jpg.rf.b279af9f6892d54790621c0f5458daf3.jpg,TP,0.9268,892.17,923.51,3.51
TORDILHA-G_009_jpg.rf.b279af9f6892d54790621c0f5458daf3.jpg,TP,0.9267,1884.65,1942.52,3.07
TORDILHA-G_009_jpg.rf.b279af9f6892d54790621c0f5458daf3.jpg,TP,0.9232,4565.01,4605.03,0.88
TORDILHA-G_009_jpg.rf.b279af9f6892d54790621c0f5458daf3.jpg,TP,0.9216,986.69,1023.34,3.71
TORDILHA-G_009_jpg.rf.b279af9f6892d54790621c0f5458daf3.jpg,TP,0.9214,1005.98,1020.45,1.44
TORDILHA-G_009_jpg.rf.b279af9f6892d54790621c0f5458daf3.jpg,TP,0.9195,1639.18,1662.81,1.44
TORDILHA-G_009_jpg.rf.b279af9f6892d54790621c0f5458daf3.jpg,TP,0.9193,1481.0,1455.92,-1.69
TORDILHA-G_009_jpg.rf.b279af9f6892d54790621c0f5458daf3.jpg,TP,0.9169,1057.58,1066.74,0.87
TORDILHA-G_009_jpg.rf.b279af9f6892d54790621c0f5458daf3.jpg,TP,0.9108,714.7,721.93,1.01
TORDILHA-G_009_jpg.rf.b279af9f6892d54790621c0f5458daf3.jpg,TP,0.9083,1902.97,2012.92,5.78
TORDILHA-G_009_jpg.rf.b279af9f6892d54790621c0f5458daf3.jpg,TP,0.906,1477.14,1475.21,-0.13
TORDILHA-G_009_jpg.rf.b279af9f6892d54790621c0f5458daf3.jpg,TP,0.8961,4006.56,4228.4,5.54
TORDILHA-G_009_jpg.rf.b279af9f6892d54790621c0f5458daf3.jpg,TP,0.8955,3231.58,3233.99,0.07
TORDILHA-G_009_jpg.rf.b279af9f6892d54790621c0f5458daf3.jpg,TP,0.8946,1257.72,1247.59,-0.81
TORDILHA-G_009_jpg.rf.b279af9f6892d54790621c0f5458daf3.jpg,TP,0.8822,648.63,684.8,5.58
TORDILHA-G_009_jpg.rf.b279af9f6892d54790621c0f5458daf3.jpg,TP,0.8745,451.87,470.2,4.06
TORDILHA-G_009_jpg.rf.b279af9f6892d54790621c0f5458daf3.jpg,TP,0.873,1462.19,1488.72,1.81
TORDILHA-G_009_jpg.rf.b279af9f6892d54790621c0f5458daf3.jpg,TP,0.8728,730.61,781.25,6.93
TORDILHA-G_009_jpg.rf.b279af9f6892d54790621c0f5458daf3.jpg,TP,0.8662,929.78,1014.18,9.08
TORDILHA-G_009_jpg.rf.b279af9f6892d54790621c0f5458daf3.jpg,TP,0.8493,744.12,854.07,14.78
TORDILHA-G_009_jpg.rf.b279af9f6892d54790621c0f5458daf3.jpg,TP,0.8247,8034.82,8929.88,11.14
TORDILHA-G_009_jpg.rf.b279af9f6892d54790621c0f5458daf3.jpg,TP,0.8002,393.04,406.54,3.44
TORDILHA-G_009_jpg.rf.b279af9f6892d54790621c0f5458daf3.jpg,TP,0.6957,5565.68,3876.83,-30.34
TORDILHA-G_009_jpg.rf.b279af9f6892d54790621c0f5458daf3.jpg,TP,0.6053,2593.07,3861.88,48.93
TORDILHA-G_009_jpg.rf.b279af9f6892d54790621c0f5458daf3.jpg,FP,0.7769,,3579.76,
TORDILHA-G_009_jpg.rf.b279af9f6892d54790621c0f5458daf3.jpg,FP,0.2908,,594.62,
TORDILHA-G_009_jpg.rf.b279af9f6892d54790621c0f5458daf3.jpg,FN,0.0,4095.29,,
TORDILHA-G_009_jpg.rf.b279af9f6892d54790621c0f5458daf3.jpg,FN,0.0,1135.71,,
TORDILHA-G_009_jpg.rf.b279af9f6892d54790621c0f5458daf3.jpg,FN,0.0,1549.96,,
TORDILHA-G_009_jpg.rf.b279af9f6892d54790621c0f5458daf3.jpg,FN,0.0,1073.01,,
TORDILHA-G_009_jpg.rf.b279af9f6892d54790621c0f5458daf3.jpg,FN,0.0,1744.79,,
TOSTADA-B_003_jpg.rf.ef070508fe8cf028db79cd03961c37d8.jpg,TP,0.9538,1773.73,1752.03,-1.22
TOSTADA-B_003_jpg.rf.ef070508fe8cf028db79cd03961c37d8.jpg,TP,0.9392,1205.15,1255.3,4.16
TOSTADA-B_003_jpg.rf.ef070508fe8cf028db79cd03961c37d8.jpg,TP,0.9352,3687.79,3829.57,3.84
TOSTADA-B_003_jpg.rf.ef070508fe8cf028db79cd03961c37d8.jpg,TP,0.9283,4144.48,4228.4,2.02
TOSTADA-B_003_jpg.rf.ef070508fe8cf028db79cd03961c37d8.jpg,TP,0.9282,931.23,922.07,-0.98
TOSTADA-B_003_jpg.rf.ef070508fe8cf028db79cd03961c37d8.jpg,TP,0.9282,2138.31,2151.33,0.61
TOSTADA-B_003_jpg.rf.ef070508fe8cf028db79cd03961c37d8.jpg,TP,0.9265,3467.88,3513.21,1.31
TOSTADA-B_003_jpg.rf.ef070508fe8cf028db79cd03961c37d8.jpg,TP,0.9249,1302.08,1354.65,4.04
TOSTADA-B_003_jpg.rf.ef070508fe8cf028db79cd03961c37d8.jpg,TP,0.9236,7113.72,7185.09,1.0
TOSTADA-B_003_jpg.rf.ef070508fe8cf028db79cd03961c37d8.jpg,TP,0.923,952.45,938.46,-1.47
TOSTADA-B_003_jpg.rf.ef070508fe8cf028db79cd03961c37d8.jpg,TP,0.9156,636.57,665.99,4.62
TOSTADA-B_003_jpg.rf.ef070508fe8cf028db79cd03961c37d8.jpg,TP,0.9136,3050.73,3091.72,1.34
TOSTADA-B_003_jpg.rf.ef070508fe8cf028db79cd03961c37d8.jpg,TP,0.9084,1368.15,1356.1,-0.88
TOSTADA-B_003_jpg.rf.ef070508fe8cf028db79cd03961c37d8.jpg,TP,0.9071,1187.31,1228.78,3.49
TOSTADA-B_003_jpg.rf.ef070508fe8cf028db79cd03961c37d8.jpg,TP,0.8939,617.77,629.82,1.95
TOSTADA-B_003_jpg.rf.ef070508fe8cf028db79cd03961c37d8.jpg,TP,0.8734,323.11,297.55,-7.91
TOSTADA-B_003_jpg.rf.ef070508fe8cf028db79cd03961c37d8.jpg,TP,0.8609,3443.29,3234.47,-6.06
TOSTADA-B_003_jpg.rf.ef070508fe8cf028db79cd03961c37d8.jpg,TP,0.851,421.97,470.68,11.54
TOSTADA-B_003_jpg.rf.ef070508fe8cf028db79cd03961c37d8.jpg,TP,0.8368,2604.65,2806.71,7.76
TOSTADA-B_003_jpg.rf.ef070508fe8cf028db79cd03961c37d8.jpg,TP,0.8109,1435.19,1525.37,6.28
TOSTADA-B_003_jpg.rf.ef070508fe8cf028db79cd03961c37d8.jpg,TP,0.7329,134.55,134.55,0.0
TOSTADA-B_003_jpg.rf.ef070508fe8cf028db79cd03961c37d8.jpg,TP,0.5787,2081.89,1288.58,-38.11
TOSTADA-B_003_jpg.rf.ef070508fe8cf028db79cd03961c37d8.jpg,FP,0.359,,800.54,
TOSTADA-B_003_jpg.rf.ef070508fe8cf028db79cd03961c37d8.jpg,FP,0.6363,,921.1,
TOSTADA-B_003_jpg.rf.ef070508fe8cf028db79cd03961c37d8.jpg,FP,0.5487,,2283.95,
TOSTADA-B_003_jpg.rf.ef070508fe8cf028db79cd03961c37d8.jpg,FN,0.0,101.27,,
TOSTADA-B_003_jpg.rf.ef070508fe8cf028db79cd03961c37d8.jpg,FN,0.0,4748.26,,
TOSTADA-B_003_jpg.rf.ef070508fe8cf028db79cd03961c37d8.jpg,FN,0.0,437.89,,
TOSTADA-B_003_jpg.rf.ef070508fe8cf028db79cd03961c37d8.jpg,FN,0.0,2561.25,,
TOSTADA-B_006_jpg.rf.fd9a20fd791843647a700cdeb77e0cc3.jpg,TP,0.9533,5180.84,5195.31,0.28
TOSTADA-B_006_jpg.rf.fd9a20fd791843647a700cdeb77e0cc3.jpg,TP,0.9497,2849.63,2903.65,1.9
TOSTADA-B_006_jpg.rf.fd9a20fd791843647a700cdeb77e0cc3.jpg,TP,0.9404,1215.76,1250.0,2.82
TOSTADA-B_006_jpg.rf.fd9a20fd791843647a700cdeb77e0cc3.jpg,TP,0.9344,2374.61,2385.71,0.47
TOSTADA-B_006_jpg.rf.fd9a20fd791843647a700cdeb77e0cc3.jpg,TP,0.9327,6999.42,7065.01,0.94
TOSTADA-B_006_jpg.rf.fd9a20fd791843647a700cdeb77e0cc3.jpg,TP,0.9258,1702.35,1741.42,2.29
TOSTADA-B_006_jpg.rf.fd9a20fd791843647a700cdeb77e0cc3.jpg,TP,0.9209,4228.4,4114.58,-2.69
TOSTADA-B_006_jpg.rf.fd9a20fd791843647a700cdeb77e0cc3.jpg,TP,0.9206,1355.13,1341.15,-1.03
TOSTADA-B_006_jpg.rf.fd9a20fd791843647a700cdeb77e0cc3.jpg,TP,0.9196,3337.19,3353.11,0.48
TOSTADA-B_006_jpg.rf.fd9a20fd791843647a700cdeb77e0cc3.jpg,TP,0.9195,2401.62,2510.13,4.52
TOSTADA-B_006_jpg.rf.fd9a20fd791843647a700cdeb77e0cc3.jpg,TP,0.9082,2613.33,2710.26,3.71
TOSTADA-B_006_jpg.rf.fd9a20fd791843647a700cdeb77e0cc3.jpg,TP,0.9077,714.7,679.98,-4.86
TOSTADA-B_006_jpg.rf.fd9a20fd791843647a700cdeb77e0cc3.jpg,TP,0.9068,936.05,927.85,-0.88
TOSTADA-B_006_jpg.rf.fd9a20fd791843647a700cdeb77e0cc3.jpg,TP,0.9062,356.87,328.9,-7.84
TOSTADA-B_006_jpg.rf.fd9a20fd791843647a700cdeb77e0cc3.jpg,TP,0.9057,685.28,669.37,-2.32
TOSTADA-B_006_jpg.rf.fd9a20fd791843647a700cdeb77e0cc3.jpg,TP,0.882,637.06,600.89,-5.68
TOSTADA-B_006_jpg.rf.fd9a20fd791843647a700cdeb77e0cc3.jpg,TP,0.8651,516.49,497.2,-3.73
TOSTADA-B_006_jpg.rf.fd9a20fd791843647a700cdeb77e0cc3.jpg,TP,0.8583,2978.88,2733.41,-8.24
TOSTADA-B_006_jpg.rf.fd9a20fd791843647a700cdeb77e0cc3.jpg,TP,0.8528,277.3,305.27,10.09
TOSTADA-B_006_jpg.rf.fd9a20fd791843647a700cdeb77e0cc3.jpg,TP,0.6603,1372.97,944.25,-31.23
TOSTADA-B_006_jpg.rf.fd9a20fd791843647a700cdeb77e0cc3.jpg,FP,0.244,,799.58,
TOSTADA-B_006_jpg.rf.fd9a20fd791843647a700cdeb77e0cc3.jpg,FP,0.6111,,1923.71,
TOSTADA-B_006_jpg.rf.fd9a20fd791843647a700cdeb77e0cc3.jpg,FP,0.253,,349.15,
TOSTADA-B_006_jpg.rf.fd9a20fd791843647a700cdeb77e0cc3.jpg,FN,0.0,8156.35,,
TOSTADA-B_006_jpg.rf.fd9a20fd791843647a700cdeb77e0cc3.jpg,FN,0.0,314.43,,
TOSTADA-B_006_jpg.rf.fd9a20fd791843647a700cdeb77e0cc3.jpg,FN,0.0,3102.33,,
TOSTADA-B_006_jpg.rf.fd9a20fd791843647a700cdeb77e0cc3.jpg,FN,0.0,3640.53,,
TOSTADA-G_009_jpg.rf.506f019d1e54427e5f81510789439725.jpg,TP,0.9565,686.73,678.53,-1.19
TOSTADA-G_009_jpg.rf.506f019d1e54427e5f81510789439725.jpg,TP,0.9422,1584.2,1528.26,-3.53
TOSTADA-G_009_jpg.rf.506f019d1e54427e5f81510789439725.jpg,TP,0.9392,1732.74,1694.64,-2.2
TOSTADA-G_009_jpg.rf.506f019d1e54427e5f81510789439725.jpg,TP,0.9332,2621.53,2667.34,1.75
TOSTADA-G_009_jpg.rf.506f019d1e54427e5f81510789439725.jpg,TP,0.9331,3862.36,3757.72,-2.71
TOSTADA-G_009_jpg.rf.506f019d1e54427e5f81510789439725.jpg,TP,0.9314,3623.65,3612.56,-0.31
TOSTADA-G_009_jpg.rf.506f019d1e54427e5f81510789439725.jpg,TP,0.9313,3232.06,3266.3,1.06
TOSTADA-G_009_jpg.rf.506f019d1e54427e5f81510789439725.jpg,TP,0.9287,1217.21,1157.41,-4.91
TOSTADA-G_009_jpg.rf.506f019d1e54427e5f81510789439725.jpg,TP,0.9271,1120.76,1135.71,1.33
TOSTADA-G_009_jpg.rf.506f019d1e54427e5f81510789439725.jpg,TP,0.9253,1504.15,1541.28,2.47
TOSTADA-G_009_jpg.rf.506f019d1e54427e5f81510789439725.jpg,TP,0.9216,992.96,992.96,0.0
TOSTADA-G_009_jpg.rf.506f019d1e54427e5f81510789439725.jpg,TP,0.9182,1588.06,1555.27,-2.06
TOSTADA-G_009_jpg.rf.506f019d1e54427e5f81510789439725.jpg,TP,0.9143,821.28,848.77,3.35
TOSTADA-G_009_jpg.rf.506f019d1e54427e5f81510789439725.jpg,TP,0.9105,2006.17,1977.72,-1.42
TOSTADA-G_009_jpg.rf.506f019d1e54427e5f81510789439725.jpg,TP,0.9099,1331.5,1346.93,1.16
TOSTADA-G_009_jpg.rf.506f019d1e54427e5f81510789439725.jpg,TP,0.9088,1127.99,1122.69,-0.47
TOSTADA-G_009_jpg.rf.506f019d1e54427e5f81510789439725.jpg,TP,0.908,1195.99,1173.32,-1.9
TOSTADA-G_009_jpg.rf.506f019d1e54427e5f81510789439725.jpg,TP,0.9075,1268.81,1198.4,-5.55
TOSTADA-G_009_jpg.rf.506f019d1e54427e5f81510789439725.jpg,TP,0.9035,1290.99,1392.26,7.84
TOSTADA-G_009_jpg.rf.506f019d1e54427e5f81510789439725.jpg,TP,0.8966,742.67,752.8,1.36
TOSTADA-G_009_jpg.rf.506f019d1e54427e5f81510789439725.jpg,TP,0.8883,562.31,538.68,-4.2
TOSTADA-G_009_jpg.rf.506f019d1e54427e5f81510789439725.jpg,TP,0.8777,770.16,806.33,4.7
TOSTADA-G_009_jpg.rf.506f019d1e54427e5f81510789439725.jpg,TP,0.8745,580.63,579.19,-0.25
TOSTADA-G_009_jpg.rf.506f019d1e54427e5f81510789439725.jpg,TP,0.8734,885.9,847.8,-4.3
TOSTADA-G_009_jpg.rf.506f019d1e54427e5f81510789439725.jpg,TP,0.8721,527.58,524.21,-0.64
TOSTADA-G_009_jpg.rf.506f019d1e54427e5f81510789439725.jpg,TP,0.8612,5951.97,5351.08,-10.1
TOSTADA-G_009_jpg.rf.506f019d1e54427e5f81510789439725.jpg,TP,0.8602,467.3,462.96,-0.93
TOSTADA-G_009_jpg.rf.506f019d1e54427e5f81510789439725.jpg,TP,0.8523,2032.21,2092.98,2.99
TOSTADA-G_009_jpg.rf.506f019d1e54427e5f81510789439725.jpg,TP,0.8428,6182.97,6652.68,7.6
TOSTADA-G_009_jpg.rf.506f019d1e54427e5f81510789439725.jpg,TP,0.8324,288.39,312.5,8.36
TOSTADA-G_009_jpg.rf.506f019d1e54427e5f81510789439725.jpg,TP,0.811,804.4,766.78,-4.68
TOSTADA-G_009_jpg.rf.506f019d1e54427e5f81510789439725.jpg,TP,0.7672,4579.96,5514.08,20.4
TOSTADA-G_009_jpg.rf.506f019d1e54427e5f81510789439725.jpg,TP,0.7508,4988.91,6370.08,27.68
TOSTADA-G_009_jpg.rf.506f019d1e54427e5f81510789439725.jpg,TP,0.7311,179.4,196.28,9.41
TOSTADA-G_009_jpg.rf.506f019d1e54427e5f81510789439725.jpg,TP,0.7226,3445.22,4500.87,30.64
TOSTADA-G_009_jpg.rf.506f019d1e54427e5f81510789439725.jpg,TP,0.7218,10064.62,10575.33,5.07
TOSTADA-G_009_jpg.rf.506f019d1e54427e5f81510789439725.jpg,TP,0.5742,3412.42,5657.31,65.79
TOSTADA-G_009_jpg.rf.506f019d1e54427e5f81510789439725.jpg,FP,0.7368,,4777.2,
TOSTADA-G_009_jpg.rf.506f019d1e54427e5f81510789439725.jpg,FN,0.0,2014.85,,
TOSTADA-G_009_jpg.rf.506f019d1e54427e5f81510789439725.jpg,FN,0.0,1703.8,,
TOSTADA-G_009_jpg.rf.506f019d1e54427e5f81510789439725.jpg,FN,0.0,1218.17,,
TOSTADA-G_009_jpg.rf.506f019d1e54427e5f81510789439725.jpg,FN,0.0,1115.93,,
TOSTADA-G_009_jpg.rf.506f019d1e54427e5f81510789439725.jpg,FN,0.0,1616.03,,
TOSTADA-G_011_jpg.rf.c0b219a9a6742c565eddfcdb51541b7d.jpg,TP,0.9487,3457.75,3448.59,-0.26
TOSTADA-G_011_jpg.rf.c0b219a9a6742c565eddfcdb51541b7d.jpg,TP,0.9426,2937.4,2998.17,2.07
TOSTADA-G_011_jpg.rf.c0b219a9a6742c565eddfcdb51541b7d.jpg,TP,0.9384,5372.78,5295.14,-1.45
TOSTADA-G_011_jpg.rf.c0b219a9a6742c565eddfcdb51541b7d.jpg,TP,0.9367,3521.41,3575.91,1.55
TOSTADA-G_011_jpg.rf.c0b219a9a6742c565eddfcdb51541b7d.jpg,TP,0.9286,3829.09,3907.21,2.04
TOSTADA-G_011_jpg.rf.c0b219a9a6742c565eddfcdb51541b7d.jpg,TP,0.9267,1398.53,1453.99,3.97
TOSTADA-G_011_jpg.rf.c0b219a9a6742c565eddfcdb51541b7d.jpg,TP,0.9246,3881.17,3933.74,1.35
TOSTADA-G_011_jpg.rf.c0b219a9a6742c565eddfcdb51541b7d.jpg,TP,0.9242,3129.34,3085.94,-1.39
TOSTADA-G_011_jpg.rf.c0b219a9a6742c565eddfcdb51541b7d.jpg,TP,0.9237,5115.74,5177.47,1.21
TOSTADA-G_011_jpg.rf.c0b219a9a6742c565eddfcdb51541b7d.jpg,TP,0.9237,1337.29,1301.12,-2.7
TOSTADA-G_011_jpg.rf.c0b219a9a6742c565eddfcdb51541b7d.jpg,TP,0.9213,409.92,378.57,-7.65
TOSTADA-G_011_jpg.rf.c0b219a9a6742c565eddfcdb51541b7d.jpg,TP,0.9169,2108.89,2128.67,0.94
TOSTADA-G_011_jpg.rf.c0b219a9a6742c565eddfcdb51541b7d.jpg,TP,0.9168,2587.77,2579.57,-0.32
TOSTADA-G_011_jpg.rf.c0b219a9a6742c565eddfcdb51541b7d.jpg,TP,0.9155,2251.16,2261.28,0.45
TOSTADA-G_011_jpg.rf.c0b219a9a6742c565eddfcdb51541b7d.jpg,TP,0.9149,6193.58,6217.69,0.39
TOSTADA-G_011_jpg.rf.c0b219a9a6742c565eddfcdb51541b7d.jpg,TP,0.9145,1032.02,1074.94,4.16
TOSTADA-G_011_jpg.rf.c0b219a9a6742c565eddfcdb51541b7d.jpg,TP,0.9139,537.23,534.34,-0.54
TOSTADA-G_011_jpg.rf.c0b219a9a6742c565eddfcdb51541b7d.jpg,TP,0.9039,600.89,612.94,2.01
TOSTADA-G_011_jpg.rf.c0b219a9a6742c565eddfcdb51541b7d.jpg,TP,0.8843,199.65,192.9,-3.38
TOSTADA-G_011_jpg.rf.c0b219a9a6742c565eddfcdb51541b7d.jpg,TP,0.8797,352.53,318.29,-9.71
TOSTADA-G_011_jpg.rf.c0b219a9a6742c565eddfcdb51541b7d.jpg,TP,0.8779,420.04,447.53,6.54
TOSTADA-G_011_jpg.rf.c0b219a9a6742c565eddfcdb51541b7d.jpg,TP,0.8729,402.2,422.45,5.04
TOSTADA-G_011_jpg.rf.c0b219a9a6742c565eddfcdb51541b7d.jpg,TP,0.865,550.25,562.31,2.19
TOSTADA-G_011_jpg.rf.c0b219a9a6742c565eddfcdb51541b7d.jpg,TP,0.8424,489.49,412.33,-15.76
TOSTADA-G_011_jpg.rf.c0b219a9a6742c565eddfcdb51541b7d.jpg,TP,0.8273,354.46,395.45,11.56
TOSTADA-G_011_jpg.rf.c0b219a9a6742c565eddfcdb51541b7d.jpg,TP,0.7722,104.17,98.38,-5.56
TOSTADA-G_011_jpg.rf.c0b219a9a6742c565eddfcdb51541b7d.jpg,TP,0.6442,49.67,32.79,-33.98
TOSTADA-G_011_jpg.rf.c0b219a9a6742c565eddfcdb51541b7d.jpg,TP,0.598,10010.61,8559.99,-14.49
TOSTADA-G_011_jpg.rf.c0b219a9a6742c565eddfcdb51541b7d.jpg,FP,0.4898,,9072.15,
TOSTADA-G_011_jpg.rf.c0b219a9a6742c565eddfcdb51541b7d.jpg,FP,0.5138,,10563.75,
TOSTADA-G_011_jpg.rf.c0b219a9a6742c565eddfcdb51541b7d.jpg,FP,0.255,,4701.0,
TOSTADA-G_011_jpg.rf.c0b219a9a6742c565eddfcdb51541b7d.jpg,FN,0.0,18211.81,,
TOSTADA-G_011_jpg.rf.c0b219a9a6742c565eddfcdb51541b7d.jpg,FN,0.0,14.95,,
TP-B_001_jpg.rf.476ac40460a2659ffbad7973abf99d86.jpg,TP,0.9474,2071.28,2106.0,1.68
TP-B_001_jpg.rf.476ac40460a2659ffbad7973abf99d86.jpg,TP,0.9309,6432.77,6474.25,0.64
TP-B_001_jpg.rf.476ac40460a2659ffbad7973abf99d86.jpg,TP,0.9275,2733.89,2818.29,3.09
TP-B_001_jpg.rf.476ac40460a2659ffbad7973abf99d86.jpg,TP,0.9269,2715.08,2772.96,2.13
TP-B_001_jpg.rf.476ac40460a2659ffbad7973abf99d86.jpg,TP,0.922,787.52,805.84,2.33
TP-B_001_jpg.rf.476ac40460a2659ffbad7973abf99d86.jpg,TP,0.9189,3000.58,3080.15,2.65
TP-B_001_jpg.rf.476ac40460a2659ffbad7973abf99d86.jpg,TP,0.9128,1321.86,1312.69,-0.69
TP-B_001_jpg.rf.476ac40460a2659ffbad7973abf99d86.jpg,TP,0.9128,609.09,617.77,1.43
TP-B_001_jpg.rf.476ac40460a2659ffbad7973abf99d86.jpg,TP,0.9121,2263.21,2352.91,3.96
TP-B_001_jpg.rf.476ac40460a2659ffbad7973abf99d86.jpg,TP,0.909,1261.57,1278.45,1.34
TP-B_001_jpg.rf.476ac40460a2659ffbad7973abf99d86.jpg,TP,0.9031,1511.86,1557.2,3.0
TP-B_001_jpg.rf.476ac40460a2659ffbad7973abf99d86.jpg,TP,0.9022,922.55,916.76,-0.63
TP-B_001_jpg.rf.476ac40460a2659ffbad7973abf99d86.jpg,TP,0.9019,865.16,780.29,-9.81
TP-B_001_jpg.rf.476ac40460a2659ffbad7973abf99d86.jpg,TP,0.8997,1567.32,1612.65,2.89
TP-B_001_jpg.rf.476ac40460a2659ffbad7973abf99d86.jpg,TP,0.8954,958.24,973.19,1.56
TP-B_001_jpg.rf.476ac40460a2659ffbad7973abf99d86.jpg,TP,0.8928,13197.34,14163.77,7.32
TP-B_001_jpg.rf.476ac40460a2659ffbad7973abf99d86.jpg,TP,0.888,1505.59,1543.69,2.53
TP-B_001_jpg.rf.476ac40460a2659ffbad7973abf99d86.jpg,TP,0.8877,726.27,748.46,3.05
TP-B_001_jpg.rf.476ac40460a2659ffbad7973abf99d86.jpg,TP,0.8731,2190.39,2260.32,3.19
TP-B_001_jpg.rf.476ac40460a2659ffbad7973abf99d86.jpg,TP,0.8694,471.16,474.54,0.72
TP-B_001_jpg.rf.476ac40460a2659ffbad7973abf99d86.jpg,TP,0.865,331.79,334.68,0.87
TP-B_001_jpg.rf.476ac40460a2659ffbad7973abf99d86.jpg,TP,0.822,2741.61,2707.85,-1.23
TP-B_001_jpg.rf.476ac40460a2659ffbad7973abf99d86.jpg,TP,0.8202,1814.72,2106.48,16.08
TP-B_001_jpg.rf.476ac40460a2659ffbad7973abf99d86.jpg,TP,0.791,88.25,85.36,-3.28
TP-B_001_jpg.rf.476ac40460a2659ffbad7973abf99d86.jpg,TP,0.737,2269.0,1690.78,-25.48
TP-B_001_jpg.rf.476ac40460a2659ffbad7973abf99d86.jpg,TP,0.7202,81.02,58.35,-27.98
TP-B_001_jpg.rf.476ac40460a2659ffbad7973abf99d86.jpg,TP,0.7072,110.44,106.1,-3.93
TP-B_001_jpg.rf.476ac40460a2659ffbad7973abf99d86.jpg,TP,0.6721,6197.92,8864.78,43.03
TP-B_001_jpg.rf.476ac40460a2659ffbad7973abf99d86.jpg,FP,0.6682,,2610.92,
TP-B_001_jpg.rf.476ac40460a2659ffbad7973abf99d86.jpg,FN,0.0,3201.68,,
TP-B_001_jpg.rf.476ac40460a2659ffbad7973abf99d86.jpg,FN,0.0,765.82,,
TP-B_001_jpg.rf.476ac40460a2659ffbad7973abf99d86.jpg,FN,0.0,2222.7,,
TP-D_010_jpg.rf.8e807d0647c50bd1b8d28134da2e26a4.jpg,TP,0.946,2391.49,2407.89,0.69
TP-D_010_jpg.rf.8e807d0647c50bd1b8d28134da2e26a4.jpg,TP,0.9449,1775.17,1678.24,-5.46
TP-D_010_jpg.rf.8e807d0647c50bd1b8d28134da2e26a4.jpg,TP,0.9418,3300.06,3248.46,-1.56
TP-D_010_jpg.rf.8e807d0647c50bd1b8d28134da2e26a4.jpg,TP,0.9385,1230.23,1218.17,-0.98
TP-D_010_jpg.rf.8e807d0647c50bd1b8d28134da2e26a4.jpg,TP,0.9363,2887.73,2843.85,-1.52
TP-D_010_jpg.rf.8e807d0647c50bd1b8d28134da2e26a4.jpg,TP,0.9347,774.5,739.78,-4.48
TP-D_010_jpg.rf.8e807d0647c50bd1b8d28134da2e26a4.jpg,TP,0.9341,1314.14,1290.03,-1.83
TP-D_010_jpg.rf.8e807d0647c50bd1b8d28134da2e26a4.jpg,TP,0.9335,1088.93,1113.52,2.26
TP-D_010_jpg.rf.8e807d0647c50bd1b8d28134da2e26a4.jpg,TP,0.9329,1866.32,1844.62,-1.16
TP-D_010_jpg.rf.8e807d0647c50bd1b8d28134da2e26a4.jpg,TP,0.9326,2690.97,2656.73,-1.27
TP-D_010_jpg.rf.8e807d0647c50bd1b8d28134da2e26a4.jpg,TP,0.9263,1392.26,1394.68,0.17
TP-D_010_jpg.rf.8e807d0647c50bd1b8d28134da2e26a4.jpg,TP,0.9235,1491.13,1528.26,2.49
TP-D_010_jpg.rf.8e807d0647c50bd1b8d28134da2e26a4.jpg,TP,0.9234,2903.16,2967.3,2.21
TP-D_010_jpg.rf.8e807d0647c50bd1b8d28134da2e26a4.jpg,TP,0.9198,861.3,835.74,-2.97
TP-D_010_jpg.rf.8e807d0647c50bd1b8d28134da2e26a4.jpg,TP,0.9194,1087.96,1092.79,0.44
TP-D_010_jpg.rf.8e807d0647c50bd1b8d28134da2e26a4.jpg,TP,0.9134,1485.82,1520.54,2.34
TP-D_010_jpg.rf.8e807d0647c50bd1b8d28134da2e26a4.jpg,TP,0.9134,685.28,689.62,0.63
TP-D_010_jpg.rf.8e807d0647c50bd1b8d28134da2e26a4.jpg,TP,0.9133,871.43,895.54,2.77
TP-D_010_jpg.rf.8e807d0647c50bd1b8d28134da2e26a4.jpg,TP,0.9131,4732.83,4613.23,-2.53
TP-D_010_jpg.rf.8e807d0647c50bd1b8d28134da2e26a4.jpg,TP,0.9111,1174.29,1137.15,-3.16
TP-D_010_jpg.rf.8e807d0647c50bd1b8d28134da2e26a4.jpg,TP,0.9105,1288.1,1337.77,3.86
TP-D_010_jpg.rf.8e807d0647c50bd1b8d28134da2e26a4.jpg,TP,0.9101,706.98,728.2,3.0
TP-D_010_jpg.rf.8e807d0647c50bd1b8d28134da2e26a4.jpg,TP,0.9069,896.51,882.04,-1.61
TP-D_010_jpg.rf.8e807d0647c50bd1b8d28134da2e26a4.jpg,TP,0.9041,1336.81,1326.2,-0.79
TP-D_010_jpg.rf.8e807d0647c50bd1b8d28134da2e26a4.jpg,TP,0.9026,1523.92,1603.97,5.25
TP-D_010_jpg.rf.8e807d0647c50bd1b8d28134da2e26a4.jpg,TP,0.8982,871.91,872.88,0.11
TP-D_010_jpg.rf.8e807d0647c50bd1b8d28134da2e26a4.jpg,TP,0.8982,1091.82,1074.94,-1.55
TP-D_010_jpg.rf.8e807d0647c50bd1b8d28134da2e26a4.jpg,TP,0.8961,431.62,430.65,-0.22
TP-D_010_jpg.rf.8e807d0647c50bd1b8d28134da2e26a4.jpg,TP,0.8936,1078.32,1110.63,3.0
TP-D_010_jpg.rf.8e807d0647c50bd1b8d28134da2e26a4.jpg,TP,0.893,911.94,922.07,1.11
TP-D_010_jpg.rf.8e807d0647c50bd1b8d28134da2e26a4.jpg,TP,0.8891,3449.56,3516.11,1.93
TP-D_010_jpg.rf.8e807d0647c50bd1b8d28134da2e26a4.jpg,TP,0.8889,934.61,894.58,-4.28
TP-D_010_jpg.rf.8e807d0647c50bd1b8d28134da2e26a4.jpg,TP,0.8777,298.03,324.07,8.74
TP-D_010_jpg.rf.8e807d0647c50bd1b8d28134da2e26a4.jpg,TP,0.8759,623.55,630.3,1.08
TP-D_010_jpg.rf.8e807d0647c50bd1b8d28134da2e26a4.jpg,TP,0.863,708.43,728.2,2.79
TP-D_010_jpg.rf.8e807d0647c50bd1b8d28134da2e26a4.jpg,TP,0.843,452.35,448.01,-0.96
TP-D_010_jpg.rf.8e807d0647c50bd1b8d28134da2e26a4.jpg,TP,0.813,233.89,238.23,1.86
TP-D_010_jpg.rf.8e807d0647c50bd1b8d28134da2e26a4.jpg,TP,0.799,174.58,183.74,5.25
TP-D_010_jpg.rf.8e807d0647c50bd1b8d28134da2e26a4.jpg,TP,0.7629,257.52,251.74,-2.25
TP-D_010_jpg.rf.8e807d0647c50bd1b8d28134da2e26a4.jpg,TP,0.7217,88.25,87.77,-0.55
TP-D_010_jpg.rf.8e807d0647c50bd1b8d28134da2e26a4.jpg,TP,0.64,60.28,38.58,-36.0
TP-D_010_jpg.rf.8e807d0647c50bd1b8d28134da2e26a4.jpg,TP,0.597,3670.91,2377.03,-35.25
TP-D_010_jpg.rf.8e807d0647c50bd1b8d28134da2e26a4.jpg,FP,0.3319,,1323.78,
TP-D_010_jpg.rf.8e807d0647c50bd1b8d28134da2e26a4.jpg,FP,0.7683,,780.29,
TP-D_010_jpg.rf.8e807d0647c50bd1b8d28134da2e26a4.jpg,FP,0.4545,,1424.58,
TP-D_010_jpg.rf.8e807d0647c50bd1b8d28134da2e26a4.jpg,FP,0.2569,,430.17,
TP-D_010_jpg.rf.8e807d0647c50bd1b8d28134da2e26a4.jpg,FP,0.6934,,1105.32,
TP-D_010_jpg.rf.8e807d0647c50bd1b8d28134da2e26a4.jpg,FN,0.0,9.65,,
TP-D_010_jpg.rf.8e807d0647c50bd1b8d28134da2e26a4.jpg,FN,0.0,175.54,,
TP-D_010_jpg.rf.8e807d0647c50bd1b8d28134da2e26a4.jpg,FN,0.0,5.79,,
TP-D_010_jpg.rf.8e807d0647c50bd1b8d28134da2e26a4.jpg,FN,0.0,32.31,,
TP-D_010_jpg.rf.8e807d0647c50bd1b8d28134da2e26a4.jpg,FN,0.0,27.01,,
TP-G_008_jpg.rf.7ce2f84776589571f8d07c60f1c4e63c.jpg,TP,0.9431,12208.24,11985.92,-1.82
TP-G_008_jpg.rf.7ce2f84776589571f8d07c60f1c4e63c.jpg,TP,0.943,1246.62,1203.7,-3.44
TP-G_008_jpg.rf.7ce2f84776589571f8d07c60f1c4e63c.jpg,TP,0.9397,3201.2,3247.49,1.45
TP-G_008_jpg.rf.7ce2f84776589571f8d07c60f1c4e63c.jpg,TP,0.9379,3535.88,3525.75,-0.29
TP-G_008_jpg.rf.7ce2f84776589571f8d07c60f1c4e63c.jpg,TP,0.9369,3647.28,3604.84,-1.16
TP-G_008_jpg.rf.7ce2f84776589571f8d07c60f1c4e63c.jpg,TP,0.9336,3084.49,3179.98,3.1
TP-G_008_jpg.rf.7ce2f84776589571f8d07c60f1c4e63c.jpg,TP,0.9333,11569.25,11434.7,-1.16
TP-G_008_jpg.rf.7ce2f84776589571f8d07c60f1c4e63c.jpg,TP,0.9301,1116.42,1146.32,2.68
TP-G_008_jpg.rf.7ce2f84776589571f8d07c60f1c4e63c.jpg,TP,0.9232,1711.03,1780.96,4.09
TP-G_008_jpg.rf.7ce2f84776589571f8d07c60f1c4e63c.jpg,TP,0.9176,2902.68,2986.11,2.87
TP-G_008_jpg.rf.7ce2f84776589571f8d07c60f1c4e63c.jpg,TP,0.9164,2287.33,2391.01,4.53
TP-G_008_jpg.rf.7ce2f84776589571f8d07c60f1c4e63c.jpg,TP,0.9158,2191.84,2183.64,-0.37
TP-G_008_jpg.rf.7ce2f84776589571f8d07c60f1c4e63c.jpg,TP,0.9136,791.38,800.54,1.16
TP-G_008_jpg.rf.7ce2f84776589571f8d07c60f1c4e63c.jpg,TP,0.913,4017.65,3949.65,-1.69
TP-G_008_jpg.rf.7ce2f84776589571f8d07c60f1c4e63c.jpg,TP,0.9064,2437.31,2454.67,0.71
TP-G_008_jpg.rf.7ce2f84776589571f8d07c60f1c4e63c.jpg,TP,0.905,1094.23,1129.92,3.26
TP-G_008_jpg.rf.7ce2f84776589571f8d07c60f1c4e63c.jpg,TP,0.9033,2413.19,2425.73,0.52
TP-G_008_jpg.rf.7ce2f84776589571f8d07c60f1c4e63c.jpg,TP,0.9008,365.07,346.26,-5.15
TP-G_008_jpg.rf.7ce2f84776589571f8d07c60f1c4e63c.jpg,TP,0.9006,417.63,431.13,3.23
TP-G_008_jpg.rf.7ce2f84776589571f8d07c60f1c4e63c.jpg,TP,0.9006,1527.78,1542.73,0.98
TP-G_008_jpg.rf.7ce2f84776589571f8d07c60f1c4e63c.jpg,TP,0.8954,417.15,395.45,-5.2
TP-G_008_jpg.rf.7ce2f84776589571f8d07c60f1c4e63c.jpg,TP,0.8929,693.48,686.73,-0.97
TP-G_008_jpg.rf.7ce2f84776589571f8d07c60f1c4e63c.jpg,TP,0.883,278.26,249.32,-10.4
TP-G_008_jpg.rf.7ce2f84776589571f8d07c60f1c4e63c.jpg,TP,0.8643,681.91,716.15,5.02
TP-G_008_jpg.rf.7ce2f84776589571f8d07c60f1c4e63c.jpg,TP,0.8452,1186.34,1209.97,1.99
TP-G_008_jpg.rf.7ce2f84776589571f8d07c60f1c4e63c.jpg,TP,0.7931,702.64,810.67,15.37
TP-G_008_jpg.rf.7ce2f84776589571f8d07c60f1c4e63c.jpg,TP,0.7333,92.11,121.05,31.41
TP-G_008_jpg.rf.7ce2f84776589571f8d07c60f1c4e63c.jpg,TP,0.6285,113.33,112.85,-0.43
TP-G_008_jpg.rf.7ce2f84776589571f8d07c60f1c4e63c.jpg,FP,0.1007,,392.07,
TP-G_008_jpg.rf.7ce2f84776589571f8d07c60f1c4e63c.jpg,FN,0.0,17.84,,
TP-G_008_jpg.rf.7ce2f84776589571f8d07c60f1c4e63c.jpg,FN,0.0,22.67,,
TP-G_008_jpg.rf.7ce2f84776589571f8d07c60f1c4e63c.jpg,FN,0.0,55.46,,
TP-G_008_jpg.rf.7ce2f84776589571f8d07c60f1c4e63c.jpg,FN,0.0,60.76,,
TP-G_008_jpg.rf.7ce2f84776589571f8d07c60f1c4e63c.jpg,FN,0.0,27.49,,
TP-G_010_jpg.rf.5c8b394cdec2d68bae00b4eb6679ec08.jpg,TP,0.9573,9583.33,9625.77,0.44
TP-G_010_jpg.rf.5c8b394cdec2d68bae00b4eb6679ec08.jpg,TP,0.9562,7447.43,7485.05,0.51
TP-G_010_jpg.rf.5c8b394cdec2d68bae00b4eb6679ec08.jpg,TP,0.943,3498.75,3573.01,2.12
TP-G_010_jpg.rf.5c8b394cdec2d68bae00b4eb6679ec08.jpg,TP,0.9382,2470.58,2520.74,2.03
TP-G_010_jpg.rf.5c8b394cdec2d68bae00b4eb6679ec08.jpg,TP,0.9377,2490.84,2458.04,-1.32
TP-G_010_jpg.rf.5c8b394cdec2d68bae00b4eb6679ec08.jpg,TP,0.932,2534.24,2561.25,1.07
TP-G_010_jpg.rf.5c8b394cdec2d68bae00b4eb6679ec08.jpg,TP,0.9277,1050.83,1069.64,1.79
TP-G_010_jpg.rf.5c8b394cdec2d68bae00b4eb6679ec08.jpg,TP,0.9275,6653.65,6548.03,-1.59
TP-G_010_jpg.rf.5c8b394cdec2d68bae00b4eb6679ec08.jpg,TP,0.9267,982.35,981.87,-0.05
TP-G_010_jpg.rf.5c8b394cdec2d68bae00b4eb6679ec08.jpg,TP,0.9263,512.64,495.27,-3.39
TP-G_010_jpg.rf.5c8b394cdec2d68bae00b4eb6679ec08.jpg,TP,0.9245,640.91,650.08,1.43
TP-G_010_jpg.rf.5c8b394cdec2d68bae00b4eb6679ec08.jpg,TP,0.9172,824.17,861.3,4.51
TP-G_010_jpg.rf.5c8b394cdec2d68bae00b4eb6679ec08.jpg,TP,0.917,1209.97,1274.11,5.3
TP-G_010_jpg.rf.5c8b394cdec2d68bae00b4eb6679ec08.jpg,TP,0.9169,1375.39,1427.47,3.79
TP-G_010_jpg.rf.5c8b394cdec2d68bae00b4eb6679ec08.jpg,TP,0.9158,305.27,298.03,-2.37
TP-G_010_jpg.rf.5c8b394cdec2d68bae00b4eb6679ec08.jpg,TP,0.9157,979.94,991.51,1.18
TP-G_010_jpg.rf.5c8b394cdec2d68bae00b4eb6679ec08.jpg,TP,0.9148,2864.58,2901.23,1.28
TP-G_010_jpg.rf.5c8b394cdec2d68bae00b4eb6679ec08.jpg,TP,0.9108,1399.98,1430.84,2.2
TP-G_010_jpg.rf.5c8b394cdec2d68bae00b4eb6679ec08.jpg,TP,0.9089,613.43,619.21,0.94
TP-G_010_jpg.rf.5c8b394cdec2d68bae00b4eb6679ec08.jpg,TP,0.9055,561.82,585.94,4.29
TP-G_010_jpg.rf.5c8b394cdec2d68bae00b4eb6679ec08.jpg,TP,0.9007,1271.7,1313.18,3.26
TP-G_010_jpg.rf.5c8b394cdec2d68bae00b4eb6679ec08.jpg,TP,0.8985,927.37,957.75,3.28
TP-G_010_jpg.rf.5c8b394cdec2d68bae00b4eb6679ec08.jpg,TP,0.8959,438.37,465.86,6.27
TP-G_010_jpg.rf.5c8b394cdec2d68bae00b4eb6679ec08.jpg,TP,0.8952,1657.02,1690.78,2.04
TP-G_010_jpg.rf.5c8b394cdec2d68bae00b4eb6679ec08.jpg,TP,0.8864,559.41,585.94,4.74
TP-G_010_jpg.rf.5c8b394cdec2d68bae00b4eb6679ec08.jpg,TP,0.878,295.62,305.75,3.43
TP-G_010_jpg.rf.5c8b394cdec2d68bae00b4eb6679ec08.jpg,TP,0.8777,500.58,499.13,-0.29
TP-G_010_jpg.rf.5c8b394cdec2d68bae00b4eb6679ec08.jpg,TP,0.856,1205.63,1372.97,13.88
TP-G_010_jpg.rf.5c8b394cdec2d68bae00b4eb6679ec08.jpg,TP,0.8297,76.68,83.91,9.43
TP-G_010_jpg.rf.5c8b394cdec2d68bae00b4eb6679ec08.jpg,TP,0.8236,286.46,286.94,0.17
TP-G_010_jpg.rf.5c8b394cdec2d68bae00b4eb6679ec08.jpg,TP,0.8207,435.96,464.89,6.64
TP-G_010_jpg.rf.5c8b394cdec2d68bae00b4eb6679ec08.jpg,TP,0.6741,2357.74,3344.43,41.85
TP-G_010_jpg.rf.5c8b394cdec2d68bae00b4eb6679ec08.jpg,FP,0.0,,98.86,
TP-G_010_jpg.rf.5c8b394cdec2d68bae00b4eb6679ec08.jpg,FP,0.5739,,5749.9,
TP-G_010_jpg.rf.5c8b394cdec2d68bae00b4eb6679ec08.jpg,FN,0.0,21.22,,
TP-G_010_jpg.rf.5c8b394cdec2d68bae00b4eb6679ec08.jpg,FN,0.0,6413.0,,
TP-G_010_jpg.rf.5c8b394cdec2d68bae00b4eb6679ec08.jpg,FN,0.0,61.73,,
TP-G_010_jpg.rf.5c8b394cdec2d68bae00b4eb6679ec08.jpg,FN,0.0,927.37,,
TP-G_010_jpg.rf.5c8b394cdec2d68bae00b4eb6679ec08.jpg,FN,0.0,4169.08,,
ZAINA-679-B_010_jpg.rf.4a3c6644c7fdcdc349eacebe9a97fbd7.jpg,TP,0.9527,4621.43,4713.54,1.99
ZAINA-679-B_010_jpg.rf.4a3c6644c7fdcdc349eacebe9a97fbd7.jpg,TP,0.9463,4320.99,4423.23,2.37
ZAINA-679-B_010_jpg.rf.4a3c6644c7fdcdc349eacebe9a97fbd7.jpg,TP,0.9441,3752.89,3889.85,3.65
ZAINA-679-B_010_jpg.rf.4a3c6644c7fdcdc349eacebe9a97fbd7.jpg,TP,0.9423,2693.38,2789.83,3.58
ZAINA-679-B_010_jpg.rf.4a3c6644c7fdcdc349eacebe9a97fbd7.jpg,TP,0.9334,2542.92,2578.61,1.4
ZAINA-679-B_010_jpg.rf.4a3c6644c7fdcdc349eacebe9a97fbd7.jpg,TP,0.9321,1492.57,1511.38,1.26
ZAINA-679-B_010_jpg.rf.4a3c6644c7fdcdc349eacebe9a97fbd7.jpg,TP,0.9301,1589.99,1643.52,3.37
ZAINA-679-B_010_jpg.rf.4a3c6644c7fdcdc349eacebe9a97fbd7.jpg,TP,0.9296,2143.13,2202.45,2.77
ZAINA-679-B_010_jpg.rf.4a3c6644c7fdcdc349eacebe9a97fbd7.jpg,TP,0.9288,683.83,661.17,-3.31
ZAINA-679-B_010_jpg.rf.4a3c6644c7fdcdc349eacebe9a97fbd7.jpg,TP,0.9243,1682.1,1725.5,2.58
ZAINA-679-B_010_jpg.rf.4a3c6644c7fdcdc349eacebe9a97fbd7.jpg,TP,0.9187,1909.24,1960.36,2.68
ZAINA-679-B_010_jpg.rf.4a3c6644c7fdcdc349eacebe9a97fbd7.jpg,TP,0.9167,3818.96,3990.64,4.5
ZAINA-679-B_010_jpg.rf.4a3c6644c7fdcdc349eacebe9a97fbd7.jpg,TP,0.9159,1385.51,1392.75,0.52
ZAINA-679-B_010_jpg.rf.4a3c6644c7fdcdc349eacebe9a97fbd7.jpg,TP,0.9144,2130.11,2172.07,1.97
ZAINA-679-B_010_jpg.rf.4a3c6644c7fdcdc349eacebe9a97fbd7.jpg,TP,0.9072,1334.39,1411.07,5.75
ZAINA-679-B_010_jpg.rf.4a3c6644c7fdcdc349eacebe9a97fbd7.jpg,TP,0.9027,1753.95,1819.06,3.71
ZAINA-679-B_010_jpg.rf.4a3c6644c7fdcdc349eacebe9a97fbd7.jpg,TP,0.9014,1337.29,1349.34,0.9
ZAINA-679-B_010_jpg.rf.4a3c6644c7fdcdc349eacebe9a97fbd7.jpg,TP,0.897,1500.29,1565.39,4.34
ZAINA-679-B_010_jpg.rf.4a3c6644c7fdcdc349eacebe9a97fbd7.jpg,TP,0.8866,1273.15,1221.55,-4.05
ZAINA-679-B_010_jpg.rf.4a3c6644c7fdcdc349eacebe9a97fbd7.jpg,TP,0.8858,2719.91,3039.64,11.76
ZAINA-679-B_010_jpg.rf.4a3c6644c7fdcdc349eacebe9a97fbd7.jpg,TP,0.8846,941.36,980.9,4.2
ZAINA-679-B_010_jpg.rf.4a3c6644c7fdcdc349eacebe9a97fbd7.jpg,TP,0.8821,1755.4,1907.79,8.68
ZAINA-679-B_010_jpg.rf.4a3c6644c7fdcdc349eacebe9a97fbd7.jpg,TP,0.8775,1186.34,1089.89,-8.13
ZAINA-679-B_010_jpg.rf.4a3c6644c7fdcdc349eacebe9a97fbd7.jpg,TP,0.8762,4514.37,4325.33,-4.19
ZAINA-679-B_010_jpg.rf.4a3c6644c7fdcdc349eacebe9a97fbd7.jpg,TP,0.8695,1306.42,1387.44,6.2
ZAINA-679-B_010_jpg.rf.4a3c6644c7fdcdc349eacebe9a97fbd7.jpg,TP,0.8453,343.36,387.25,12.78
ZAINA-679-B_010_jpg.rf.4a3c6644c7fdcdc349eacebe9a97fbd7.jpg,TP,0.8438,828.51,919.66,11.0
ZAINA-679-B_010_jpg.rf.4a3c6644c7fdcdc349eacebe9a97fbd7.jpg,TP,0.8421,3197.34,2962.48,-7.35
ZAINA-679-B_010_jpg.rf.4a3c6644c7fdcdc349eacebe9a97fbd7.jpg,TP,0.8392,805.84,788.0,-2.21
ZAINA-679-B_010_jpg.rf.4a3c6644c7fdcdc349eacebe9a97fbd7.jpg,TP,0.818,571.95,617.77,8.01
ZAINA-679-B_010_jpg.rf.4a3c6644c7fdcdc349eacebe9a97fbd7.jpg,TP,0.7539,329.86,374.71,13.6
ZAINA-679-B_010_jpg.rf.4a3c6644c7fdcdc349eacebe9a97fbd7.jpg,TP,0.7002,8742.28,6642.07,-24.02
ZAINA-679-B_010_jpg.rf.4a3c6644c7fdcdc349eacebe9a97fbd7.jpg,TP,0.6988,4852.91,3619.79,-25.41
ZAINA-679-B_010_jpg.rf.4a3c6644c7fdcdc349eacebe9a97fbd7.jpg,TP,0.5862,8666.57,5454.76,-37.06
ZAINA-679-B_010_jpg.rf.4a3c6644c7fdcdc349eacebe9a97fbd7.jpg,TP,0.5461,3660.78,2222.22,-39.3
ZAINA-679-B_010_jpg.rf.4a3c6644c7fdcdc349eacebe9a97fbd7.jpg,FP,0.3734,,3449.07,
ZAINA-679-B_010_jpg.rf.4a3c6644c7fdcdc349eacebe9a97fbd7.jpg,FP,0.3562,,3284.14,
ZAINA-679-B_010_jpg.rf.4a3c6644c7fdcdc349eacebe9a97fbd7.jpg,FP,0.3972,,1630.02,
ZAINA-679-B_010_jpg.rf.4a3c6644c7fdcdc349eacebe9a97fbd7.jpg,FP,0.1633,,786.07,
ZAINA-679-B_010_jpg.rf.4a3c6644c7fdcdc349eacebe9a97fbd7.jpg,FP,0.2113,,745.56,
ZAINA-679-B_010_jpg.rf.4a3c6644c7fdcdc349eacebe9a97fbd7.jpg,FP,0.4982,,2245.37,
ZAINA-679-B_010_jpg.rf.4a3c6644c7fdcdc349eacebe9a97fbd7.jpg,FP,0.4337,,2218.36,
ZAINA-679-B_010_jpg.rf.4a3c6644c7fdcdc349eacebe9a97fbd7.jpg,FN,0.0,4114.1,,
ZAINA-679-B_010_jpg.rf.4a3c6644c7fdcdc349eacebe9a97fbd7.jpg,FN,0.0,211.71,,
ZAINA-679-B_010_jpg.rf.4a3c6644c7fdcdc349eacebe9a97fbd7.jpg,FN,0.0,1653.65,,
ZAINA-679-B_011_jpg.rf.27d46a055eff6f5810ec4c5c9429b994.jpg,TP,0.9655,12042.34,12042.82,0.0
ZAINA-679-B_011_jpg.rf.27d46a055eff6f5810ec4c5c9429b994.jpg,TP,0.9635,10308.16,10368.92,0.59
ZAINA-679-B_011_jpg.rf.27d46a055eff6f5810ec4c5c9429b994.jpg,TP,0.9547,12225.6,12336.03,0.9
ZAINA-679-B_011_jpg.rf.27d46a055eff6f5810ec4c5c9429b994.jpg,TP,0.9543,7618.63,7717.98,1.3
ZAINA-679-B_011_jpg.rf.27d46a055eff6f5810ec4c5c9429b994.jpg,TP,0.9454,4892.46,4974.44,1.68
ZAINA-679-B_011_jpg.rf.27d46a055eff6f5810ec4c5c9429b994.jpg,TP,0.9447,3237.85,3355.03,3.62
ZAINA-679-B_011_jpg.rf.27d46a055eff6f5810ec4c5c9429b994.jpg,TP,0.9395,9873.65,9956.6,0.84
ZAINA-679-B_011_jpg.rf.27d46a055eff6f5810ec4c5c9429b994.jpg,TP,0.9392,4288.19,4420.33,3.08
ZAINA-679-B_011_jpg.rf.27d46a055eff6f5810ec4c5c9429b994.jpg,TP,0.937,4538.97,4624.81,1.89
ZAINA-679-B_011_jpg.rf.27d46a055eff6f5810ec4c5c9429b994.jpg,TP,0.9358,1889.95,1936.73,2.48
ZAINA-679-B_011_jpg.rf.27d46a055eff6f5810ec4c5c9429b994.jpg,TP,0.931,6204.67,6337.29,2.14
ZAINA-679-B_011_jpg.rf.27d46a055eff6f5810ec4c5c9429b994.jpg,TP,0.9297,1962.29,2009.55,2.41
ZAINA-679-B_011_jpg.rf.27d46a055eff6f5810ec4c5c9429b994.jpg,TP,0.9291,5384.84,5374.23,-0.2
ZAINA-679-B_011_jpg.rf.27d46a055eff6f5810ec4c5c9429b994.jpg,TP,0.9271,1207.56,1238.43,2.56
ZAINA-679-B_011_jpg.rf.27d46a055eff6f5810ec4c5c9429b994.jpg,TP,0.9148,1345.0,1375.39,2.26
ZAINA-679-B_011_jpg.rf.27d46a055eff6f5810ec4c5c9429b994.jpg,TP,0.9139,1832.56,1856.67,1.32
ZAINA-679-B_011_jpg.rf.27d46a055eff6f5810ec4c5c9429b994.jpg,TP,0.9083,1245.18,1304.01,4.73
ZAINA-679-B_011_jpg.rf.27d46a055eff6f5810ec4c5c9429b994.jpg,TP,0.8938,1201.29,1224.44,1.93
ZAINA-679-B_011_jpg.rf.27d46a055eff6f5810ec4c5c9429b994.jpg,TP,0.8845,763.89,786.55,2.97
ZAINA-679-B_011_jpg.rf.27d46a055eff6f5810ec4c5c9429b994.jpg,TP,0.8708,15392.07,14734.76,-4.27
ZAINA-679-B_011_jpg.rf.27d46a055eff6f5810ec4c5c9429b994.jpg,TP,0.8353,254.15,283.08,11.39
ZAINA-679-B_011_jpg.rf.27d46a055eff6f5810ec4c5c9429b994.jpg,TP,0.7993,837.19,1018.04,21.6
ZAINA-679-B_011_jpg.rf.27d46a055eff6f5810ec4c5c9429b994.jpg,TP,0.7372,135.51,125.87,-7.12
ZAINA-679-B_011_jpg.rf.27d46a055eff6f5810ec4c5c9429b994.jpg,FP,0.4044,,2333.62,
ZAINA-679-B_011_jpg.rf.27d46a055eff6f5810ec4c5c9429b994.jpg,FN,0.0,189.53,,
ZAZA-B_008_jpg.rf.92ad451b5359143319a46e599a0239d1.jpg,TP,0.9568,7001.83,7055.84,0.77
ZAZA-B_008_jpg.rf.92ad451b5359143319a46e599a0239d1.jpg,TP,0.9412,4769.0,4864.97,2.01
ZAZA-B_008_jpg.rf.92ad451b5359143319a46e599a0239d1.jpg,TP,0.9349,9506.66,9847.13,3.58
ZAZA-B_008_jpg.rf.92ad451b5359143319a46e599a0239d1.jpg,TP,0.9331,5631.75,5845.87,3.8
ZAZA-B_008_jpg.rf.92ad451b5359143319a46e599a0239d1.jpg,TP,0.928,1576.0,1600.12,1.53
ZAZA-B_008_jpg.rf.92ad451b5359143319a46e599a0239d1.jpg,TP,0.9194,7023.05,7339.89,4.51
ZAZA-B_008_jpg.rf.92ad451b5359143319a46e599a0239d1.jpg,TP,0.9175,3831.5,4041.76,5.49
ZAZA-B_008_jpg.rf.92ad451b5359143319a46e599a0239d1.jpg,TP,0.9083,3644.39,3779.42,3.71
ZAZA-B_008_jpg.rf.92ad451b5359143319a46e599a0239d1.jpg,TP,0.9072,18132.72,17651.43,-2.65
ZAZA-B_008_jpg.rf.92ad451b5359143319a46e599a0239d1.jpg,TP,0.8958,1526.33,1578.41,3.41
ZAZA-B_008_jpg.rf.92ad451b5359143319a46e599a0239d1.jpg,TP,0.8777,1198.4,1281.83,6.96
ZAZA-B_008_jpg.rf.92ad451b5359143319a46e599a0239d1.jpg,TP,0.8602,912.91,864.2,-5.34
ZAZA-B_008_jpg.rf.92ad451b5359143319a46e599a0239d1.jpg,TP,0.854,859.86,904.22,5.16
ZAZA-B_008_jpg.rf.92ad451b5359143319a46e599a0239d1.jpg,TP,0.853,473.57,504.92,6.62
ZAZA-B_008_jpg.rf.92ad451b5359143319a46e599a0239d1.jpg,TP,0.8399,9583.33,10265.72,7.12
ZAZA-B_008_jpg.rf.92ad451b5359143319a46e599a0239d1.jpg,TP,0.7282,157.7,176.5,11.93
ZAZA-B_008_jpg.rf.92ad451b5359143319a46e599a0239d1.jpg,TP,0.6421,42.44,32.79,-22.73
ZAZA-B_008_jpg.rf.92ad451b5359143319a46e599a0239d1.jpg,FP,0.4179,,3184.32,
ZAZA-B_008_jpg.rf.92ad451b5359143319a46e599a0239d1.jpg,FP,0.394,,387.25,
ZAZA-B_008_jpg.rf.92ad451b5359143319a46e599a0239d1.jpg,FP,0.6971,,4935.86,
ZAZA-B_008_jpg.rf.92ad451b5359143319a46e599a0239d1.jpg,FP,0.0,,145.64,
ZAZA-B_008_jpg.rf.92ad451b5359143319a46e599a0239d1.jpg,FP,0.3565,,8288.48,
ZAZA-B_008_jpg.rf.92ad451b5359143319a46e599a0239d1.jpg,FP,0.6999,,13516.59,
ZAZA-B_008_jpg.rf.92ad451b5359143319a46e599a0239d1.jpg,FP,0.5443,,4011.38,
ZAZA-B_008_jpg.rf.92ad451b5359143319a46e599a0239d1.jpg,FP,0.4587,,8679.59,
ZAZA-B_008_jpg.rf.92ad451b5359143319a46e599a0239d1.jpg,FP,0.2545,,4992.77,
ZAZA-B_008_jpg.rf.92ad451b5359143319a46e599a0239d1.jpg,FN,0.0,1131.85,,
ZAZA-B_008_jpg.rf.92ad451b5359143319a46e599a0239d1.jpg,FN,0.0,2280.09,,
ZAZA-B_008_jpg.rf.92ad451b5359143319a46e599a0239d1.jpg,FN,0.0,2210.17,,
ZAZA-B_008_jpg.rf.92ad451b5359143319a46e599a0239d1.jpg,FN,0.0,2716.53,,
ZAZA-B_008_jpg.rf.92ad451b5359143319a46e599a0239d1.jpg,FN,0.0,3023.24,,
ZAZA-B_008_jpg.rf.92ad451b5359143319a46e599a0239d1.jpg,FN,0.0,170.72,,
ZAZA-B_008_jpg.rf.92ad451b5359143319a46e599a0239d1.jpg,FN,0.0,2081.4,,
ZAZA-B_008_jpg.rf.92ad451b5359143319a46e599a0239d1.jpg,FN,0.0,4071.66,,
ZAZA-B_008_jpg.rf.92ad451b5359143319a46e599a0239d1.jpg,FN,0.0,43.4,,
ZAZA-B_008_jpg.rf.92ad451b5359143319a46e599a0239d1.jpg,FN,0.0,28.45,,
ZAZA-B_008_jpg.rf.92ad451b5359143319a46e599a0239d1.jpg,FN,0.0,1546.59,,
ZAZA-D_004_jpg.rf.02ed2d595bd7bc4d5f40bda7d3f8e5d2.jpg,TP,0.9534,5063.18,5175.54,2.22
ZAZA-D_004_jpg.rf.02ed2d595bd7bc4d5f40bda7d3f8e5d2.jpg,TP,0.9504,1299.67,1259.65,-3.08
ZAZA-D_004_jpg.rf.02ed2d595bd7bc4d5f40bda7d3f8e5d2.jpg,TP,0.9394,2996.24,2880.98,-3.85
ZAZA-D_004_jpg.rf.02ed2d595bd7bc4d5f40bda7d3f8e5d2.jpg,TP,0.9324,2381.37,2254.05,-5.35
ZAZA-D_004_jpg.rf.02ed2d595bd7bc4d5f40bda7d3f8e5d2.jpg,TP,0.9315,5100.79,5074.75,-0.51
ZAZA-D_004_jpg.rf.02ed2d595bd7bc4d5f40bda7d3f8e5d2.jpg,TP,0.9255,902.78,891.2,-1.28
ZAZA-D_004_jpg.rf.02ed2d595bd7bc4d5f40bda7d3f8e5d2.jpg,TP,0.9253,3706.11,3498.75,-5.6
ZAZA-D_004_jpg.rf.02ed2d595bd7bc4d5f40bda7d3f8e5d2.jpg,TP,0.9216,5522.28,5371.82,-2.72
ZAZA-D_004_jpg.rf.02ed2d595bd7bc4d5f40bda7d3f8e5d2.jpg,TP,0.9206,1202.26,1119.79,-6.86
ZAZA-D_004_jpg.rf.02ed2d595bd7bc4d5f40bda7d3f8e5d2.jpg,TP,0.9144,2206.31,2213.06,0.31
ZAZA-D_004_jpg.rf.02ed2d595bd7bc4d5f40bda7d3f8e5d2.jpg,TP,0.9132,1872.59,1719.23,-8.19
ZAZA-D_004_jpg.rf.02ed2d595bd7bc4d5f40bda7d3f8e5d2.jpg,TP,0.9096,611.5,611.5,0.0
ZAZA-D_004_jpg.rf.02ed2d595bd7bc4d5f40bda7d3f8e5d2.jpg,TP,0.905,3886.48,3601.95,-7.32
ZAZA-D_004_jpg.rf.02ed2d595bd7bc4d5f40bda7d3f8e5d2.jpg,TP,0.9014,3886.48,3592.3,-7.57
ZAZA-D_004_jpg.rf.02ed2d595bd7bc4d5f40bda7d3f8e5d2.jpg,TP,0.9005,5863.23,5748.94,-1.95
ZAZA-D_004_jpg.rf.02ed2d595bd7bc4d5f40bda7d3f8e5d2.jpg,TP,0.8983,1332.47,1242.77,-6.73
ZAZA-D_004_jpg.rf.02ed2d595bd7bc4d5f40bda7d3f8e5d2.jpg,TP,0.8933,3201.2,2979.36,-6.93
ZAZA-D_004_jpg.rf.02ed2d595bd7bc4d5f40bda7d3f8e5d2.jpg,TP,0.8922,4133.87,3818.0,-7.64
ZAZA-D_004_jpg.rf.02ed2d595bd7bc4d5f40bda7d3f8e5d2.jpg,TP,0.8896,1892.84,1713.93,-9.45
ZAZA-D_004_jpg.rf.02ed2d595bd7bc4d5f40bda7d3f8e5d2.jpg,TP,0.8881,1779.03,1654.61,-6.99
ZAZA-D_004_jpg.rf.02ed2d595bd7bc4d5f40bda7d3f8e5d2.jpg,TP,0.8873,587.38,592.21,0.82
ZAZA-D_004_jpg.rf.02ed2d595bd7bc4d5f40bda7d3f8e5d2.jpg,TP,0.8841,1124.13,1001.16,-10.94
ZAZA-D_004_jpg.rf.02ed2d595bd7bc4d5f40bda7d3f8e5d2.jpg,TP,0.8792,400.75,386.77,-3.49
ZAZA-D_004_jpg.rf.02ed2d595bd7bc4d5f40bda7d3f8e5d2.jpg,TP,0.8738,2773.44,2568.0,-7.41
ZAZA-D_004_jpg.rf.02ed2d595bd7bc4d5f40bda7d3f8e5d2.jpg,TP,0.8599,427.28,443.67,3.84
ZAZA-D_004_jpg.rf.02ed2d595bd7bc4d5f40bda7d3f8e5d2.jpg,TP,0.8392,1308.35,1156.44,-11.61
ZAZA-D_004_jpg.rf.02ed2d595bd7bc4d5f40bda7d3f8e5d2.jpg,TP,0.8307,148.05,128.28,-13.36
ZAZA-D_004_jpg.rf.02ed2d595bd7bc4d5f40bda7d3f8e5d2.jpg,TP,0.8159,613.91,532.41,-13.28
ZAZA-D_004_jpg.rf.02ed2d595bd7bc4d5f40bda7d3f8e5d2.jpg,TP,0.8044,702.64,565.2,-19.56
ZAZA-D_004_jpg.rf.02ed2d595bd7bc4d5f40bda7d3f8e5d2.jpg,TP,0.7841,477.91,374.71,-21.59
ZAZA-D_004_jpg.rf.02ed2d595bd7bc4d5f40bda7d3f8e5d2.jpg,TP,0.7745,3652.58,4081.79,11.75
ZAZA-D_004_jpg.rf.02ed2d595bd7bc4d5f40bda7d3f8e5d2.jpg,TP,0.7173,469.71,347.7,-25.98
ZAZA-D_004_jpg.rf.02ed2d595bd7bc4d5f40bda7d3f8e5d2.jpg,TP,0.5898,3593.27,5663.58,57.62
ZAZA-D_004_jpg.rf.02ed2d595bd7bc4d5f40bda7d3f8e5d2.jpg,FP,0.19,,1183.93,
ZAZA-D_004_jpg.rf.02ed2d595bd7bc4d5f40bda7d3f8e5d2.jpg,FN,0.0,18.33,,
ZAZA-D_004_jpg.rf.02ed2d595bd7bc4d5f40bda7d3f8e5d2.jpg,FN,0.0,2154.22,,
ZAZA-G_010_jpg.rf.cd14098445a0a54c10014aaa7d8f975c.jpg,TP,0.9545,2023.53,2037.04,0.67
ZAZA-G_010_jpg.rf.cd14098445a0a54c10014aaa7d8f975c.jpg,TP,0.951,2467.21,2462.87,-0.18
ZAZA-G_010_jpg.rf.cd14098445a0a54c10014aaa7d8f975c.jpg,TP,0.9393,785.59,738.81,-5.95
ZAZA-G_010_jpg.rf.cd14098445a0a54c10014aaa7d8f975c.jpg,TP,0.9374,5739.78,5818.87,1.38
ZAZA-G_010_jpg.rf.cd14098445a0a54c10014aaa7d8f975c.jpg,TP,0.9319,2750.77,2733.89,-0.61
ZAZA-G_010_jpg.rf.cd14098445a0a54c10014aaa7d8f975c.jpg,TP,0.9274,4011.86,4036.46,0.61
ZAZA-G_010_jpg.rf.cd14098445a0a54c10014aaa7d8f975c.jpg,TP,0.9237,3122.11,2959.1,-5.22
ZAZA-G_010_jpg.rf.cd14098445a0a54c10014aaa7d8f975c.jpg,TP,0.9229,1804.59,1805.56,0.05
ZAZA-G_010_jpg.rf.cd14098445a0a54c10014aaa7d8f975c.jpg,TP,0.9219,1127.99,1114.97,-1.15
ZAZA-G_010_jpg.rf.cd14098445a0a54c10014aaa7d8f975c.jpg,TP,0.9211,2213.54,2096.35,-5.29
ZAZA-G_010_jpg.rf.cd14098445a0a54c10014aaa7d8f975c.jpg,TP,0.9197,1650.75,1668.11,1.05
ZAZA-G_010_jpg.rf.cd14098445a0a54c10014aaa7d8f975c.jpg,TP,0.9195,2013.41,1953.12,-2.99
ZAZA-G_010_jpg.rf.cd14098445a0a54c10014aaa7d8f975c.jpg,TP,0.9191,1592.4,1485.82,-6.69
ZAZA-G_010_jpg.rf.cd14098445a0a54c10014aaa7d8f975c.jpg,TP,0.9188,2711.71,2595.97,-4.27
ZAZA-G_010_jpg.rf.cd14098445a0a54c10014aaa7d8f975c.jpg,TP,0.9178,2618.15,2690.49,2.76
ZAZA-G_010_jpg.rf.cd14098445a0a54c10014aaa7d8f975c.jpg,TP,0.9158,3581.21,3684.41,2.88
ZAZA-G_010_jpg.rf.cd14098445a0a54c10014aaa7d8f975c.jpg,TP,0.9153,1797.84,1800.73,0.16
ZAZA-G_010_jpg.rf.cd14098445a0a54c10014aaa7d8f975c.jpg,TP,0.9124,1938.66,1935.76,-0.15
ZAZA-G_010_jpg.rf.cd14098445a0a54c10014aaa7d8f975c.jpg,TP,0.9117,2532.79,2572.82,1.58
ZAZA-G_010_jpg.rf.cd14098445a0a54c10014aaa7d8f975c.jpg,TP,0.9108,2459.01,2295.04,-6.67
ZAZA-G_010_jpg.rf.cd14098445a0a54c10014aaa7d8f975c.jpg,TP,0.9106,1354.17,1386.0,2.35
ZAZA-G_010_jpg.rf.cd14098445a0a54c10014aaa7d8f975c.jpg,TP,0.9099,2289.26,2310.47,0.93
ZAZA-G_010_jpg.rf.cd14098445a0a54c10014aaa7d8f975c.jpg,TP,0.9033,998.26,975.12,-2.32
ZAZA-G_010_jpg.rf.cd14098445a0a54c10014aaa7d8f975c.jpg,TP,0.8968,667.92,598.96,-10.32
ZAZA-G_010_jpg.rf.cd14098445a0a54c10014aaa7d8f975c.jpg,TP,0.8923,947.15,934.61,-1.32
ZAZA-G_010_jpg.rf.cd14098445a0a54c10014aaa7d8f975c.jpg,TP,0.8866,446.08,404.61,-9.3
ZAZA-G_010_jpg.rf.cd14098445a0a54c10014aaa7d8f975c.jpg,FN,0.0,75.71,,
ZAZA-G_010_jpg.rf.cd14098445a0a54c10014aaa7d8f975c.jpg,FN,0.0,35.69,,
ZAZA-G_010_jpg.rf.cd14098445a0a54c10014aaa7d8f975c.jpg,FN,0.0,13.5,,
ZAZA-G_012_jpg.rf.b65fca463e4411032a599acd7494f06d.jpg,TP,0.942,3286.55,3254.24,-0.98
ZAZA-G_012_jpg.rf.b65fca463e4411032a599acd7494f06d.jpg,TP,0.9412,879.63,870.95,-0.99
ZAZA-G_012_jpg.rf.b65fca463e4411032a599acd7494f06d.jpg,TP,0.936,2342.3,2299.86,-1.81
ZAZA-G_012_jpg.rf.b65fca463e4411032a599acd7494f06d.jpg,TP,0.9359,1426.02,1415.9,-0.71
ZAZA-G_012_jpg.rf.b65fca463e4411032a599acd7494f06d.jpg,TP,0.9351,3194.93,3202.16,0.23
ZAZA-G_012_jpg.rf.b65fca463e4411032a599acd7494f06d.jpg,TP,0.9305,2604.65,2635.03,1.17
ZAZA-G_012_jpg.rf.b65fca463e4411032a599acd7494f06d.jpg,TP,0.9305,1243.25,1288.1,3.61
ZAZA-G_012_jpg.rf.b65fca463e4411032a599acd7494f06d.jpg,TP,0.9287,3264.85,3294.27,0.9
ZAZA-G_012_jpg.rf.b65fca463e4411032a599acd7494f06d.jpg,TP,0.9279,1532.12,1522.96,-0.6
ZAZA-G_012_jpg.rf.b65fca463e4411032a599acd7494f06d.jpg,TP,0.9265,3740.35,3658.85,-2.18
ZAZA-G_012_jpg.rf.b65fca463e4411032a599acd7494f06d.jpg,TP,0.9252,1977.24,2019.68,2.15
ZAZA-G_012_jpg.rf.b65fca463e4411032a599acd7494f06d.jpg,TP,0.9206,4132.43,4078.41,-1.31
ZAZA-G_012_jpg.rf.b65fca463e4411032a599acd7494f06d.jpg,TP,0.9175,2364.49,2412.71,2.04
ZAZA-G_012_jpg.rf.b65fca463e4411032a599acd7494f06d.jpg,TP,0.9113,2203.9,2172.55,-1.42
ZAZA-G_012_jpg.rf.b65fca463e4411032a599acd7494f06d.jpg,TP,0.9089,7388.6,7443.09,0.74
ZAZA-G_012_jpg.rf.b65fca463e4411032a599acd7494f06d.jpg,TP,0.8983,1781.44,1790.61,0.51
ZAZA-G_012_jpg.rf.b65fca463e4411032a599acd7494f06d.jpg,TP,0.8982,2775.85,2769.58,-0.23
ZAZA-G_012_jpg.rf.b65fca463e4411032a599acd7494f06d.jpg,TP,0.8978,547.36,553.63,1.15
ZAZA-G_012_jpg.rf.b65fca463e4411032a599acd7494f06d.jpg,TP,0.8976,1387.44,1391.78,0.31
ZAZA-G_012_jpg.rf.b65fca463e4411032a599acd7494f06d.jpg,TP,0.8923,6352.72,6641.59,4.55
ZAZA-G_012_jpg.rf.b65fca463e4411032a599acd7494f06d.jpg,TP,0.8911,3281.73,3319.35,1.15
ZAZA-G_012_jpg.rf.b65fca463e4411032a599acd7494f06d.jpg,TP,0.8895,1632.91,1541.76,-5.58
ZAZA-G_012_jpg.rf.b65fca463e4411032a599acd7494f06d.jpg,TP,0.873,614.39,644.77,4.95
ZAZA-G_012_jpg.rf.b65fca463e4411032a599acd7494f06d.jpg,TP,0.8643,1764.08,1814.24,2.84
ZAZA-G_012_jpg.rf.b65fca463e4411032a599acd7494f06d.jpg,TP,0.8635,320.7,344.33,7.37
ZAZA-G_012_jpg.rf.b65fca463e4411032a599acd7494f06d.jpg,TP,0.8302,256.56,258.01,0.56
ZAZA-G_012_jpg.rf.b65fca463e4411032a599acd7494f06d.jpg,TP,0.825,2064.04,2109.38,2.2
ZAZA-G_012_jpg.rf.b65fca463e4411032a599acd7494f06d.jpg,TP,0.7722,391.11,415.7,6.29
ZAZA-G_012_jpg.rf.b65fca463e4411032a599acd7494f06d.jpg,TP,0.7638,55.94,52.08,-6.9
ZAZA-G_012_jpg.rf.b65fca463e4411032a599acd7494f06d.jpg,TP,0.6687,5721.45,7831.31,36.88
ZAZA-G_012_jpg.rf.b65fca463e4411032a599acd7494f06d.jpg,FP,0.5337,,4116.03,
ZAZA-G_012_jpg.rf.b65fca463e4411032a599acd7494f06d.jpg,FP,0.4133,,3233.51,
ZAZA-G_012_jpg.rf.b65fca463e4411032a599acd7494f06d.jpg,FP,0.7994,,2016.3,
ZAZA-G_012_jpg.rf.b65fca463e4411032a599acd7494f06d.jpg,FN,0.0,12.06,,
ZAZA-G_012_jpg.rf.b65fca463e4411032a599acd7494f06d.jpg,FN,0.0,14.47,,
ZAZA-G_012_jpg.rf.b65fca463e4411032a599acd7494f06d.jpg,FN,0.0,1201.77,,
ZAZA-G_012_jpg.rf.b65fca463e4411032a599acd7494f06d.jpg,FN,0.0,3384.45,,
ZAZA-G_012_jpg.rf.b65fca463e4411032a599acd7494f06d.jpg,FN,0.0,7.72,,
